order_id,product_id,customer_id,amount,status,order_date
1,47,241,45434943.0,cancelled,2023-07-12
2,33,173,30719853.0,cancelled,2024-06-09
3,5,425,33648183.0,cancelled,2023-04-24
4,9,410,7591352.0,completed,2023-06-22
5,41,123,12435765.0,completed,2023-02-22
6,35,295,49953598.0,completed,2023-08-03
7,45,411,5706623.0,shipped,2023-04-29
8,2,475,39694029.0,cancelled,2024-05-23
9,5,1,5511256.0,returned,2024-10-12
10,6,385,27596452.0,completed,2024-10-09
11,32,384,39171786.0,shipped,2024-11-13
12,39,381,32629733.0,cancelled,2023-01-30
13,35,442,43820164.0,shipped,2023-07-06
14,22,326,42072016.0,returned,2023-12-19
15,27,175,31618388.0,returned,2023-11-09
16,33,136,26669806.0,cancelled,2023-10-12
17,7,5,30584960.0,cancelled,2024-01-15
18,38,269,18535020.0,cancelled,2024-06-01
19,36,465,19317457.0,returned,2023-10-27
20,23,96,7202469.0,returned,2023-03-24
21,20,98,19714365.0,returned,2024-03-10
22,1,367,21306493.0,pending,2024-01-24
23,32,55,49003503.0,completed,2023-01-26
24,2,242,15719912.0,completed,2024-05-10
25,30,448,48164820.0,shipped,2024-03-02
26,27,7,42937457.0,completed,2023-10-18
27,14,150,43276144.0,shipped,2023-09-16
28,40,295,6310174.0,returned,2024-04-19
29,44,251,30616703.0,returned,2024-12-25
30,24,41,21841761.0,completed,2024-02-22
31,44,466,49460138.0,completed,2023-08-07
32,14,255,38252931.0,returned,2023-08-07
33,21,313,25897942.0,pending,2023-12-14
34,44,166,2035708.0,cancelled,2024-03-02
35,43,77,921420.0,cancelled,2023-12-08
36,35,349,44706869.0,shipped,2023-06-13
37,37,284,10407123.0,pending,2024-02-03
38,11,234,4929122.0,returned,2024-04-13
39,40,128,1729187.0,shipped,2024-01-30
40,48,269,1592836.0,completed,2023-04-22
41,37,374,47779729.0,returned,2024-02-16
42,4,128,29852763.0,cancelled,2024-10-02
43,8,85,25982908.0,shipped,2023-01-31
44,13,415,25427714.0,completed,2023-05-27
45,10,61,18729235.0,shipped,2024-08-13
46,4,321,15511863.0,returned,2023-08-03
47,24,65,45149034.0,cancelled,2023-03-01
48,35,165,36771090.0,shipped,2024-06-02
49,37,287,19391025.0,shipped,2024-09-13
50,40,362,9500727.0,shipped,2024-02-01
51,1,194,18503796.0,returned,2023-04-16
52,1,254,32373368.0,pending,2024-04-20
53,46,12,44746336.0,cancelled,2024-05-04
54,10,6,42117024.0,pending,2024-09-08
55,15,6,30097347.0,returned,2023-02-13
56,9,396,31279585.0,pending,2024-06-16
57,29,364,5291611.0,shipped,2023-06-17
58,21,279,39032093.0,shipped,2024-03-18
59,36,320,25049518.0,completed,2023-08-24
60,31,127,8848423.0,shipped,2023-01-20
61,47,45,19820787.0,pending,2024-03-28
62,49,321,27537605.0,cancelled,2023-02-20
63,2,339,43069900.0,completed,2023-11-20
64,22,160,7050315.0,cancelled,2024-03-21
65,32,289,30971281.0,pending,2023-09-05
66,23,165,37867941.0,returned,2023-01-26
67,18,401,11779650.0,completed,2024-03-08
68,8,264,41920239.0,shipped,2024-04-12
69,20,489,10116978.0,returned,2024-10-05
70,3,251,17920025.0,cancelled,2024-11-12
71,16,480,4529373.0,completed,2024-06-02
72,34,143,9922384.0,shipped,2023-02-14
73,44,208,23934281.0,cancelled,2024-10-27
74,18,486,29693371.0,shipped,2024-01-02
75,43,106,3727088.0,returned,2023-03-06
76,5,423,7690326.0,shipped,2024-12-05
77,35,210,44767923.0,cancelled,2023-09-02
78,50,472,15378889.0,pending,2024-12-06
79,19,208,27722894.0,shipped,2024-12-07
80,18,286,29491765.0,returned,2023-12-17
81,9,251,41098189.0,completed,2023-03-09
82,38,225,42141364.0,completed,2024-11-24
83,10,140,20508290.0,completed,2024-09-29
84,37,346,8780285.0,pending,2023-10-04
85,22,431,7429310.0,completed,2023-08-23
86,40,459,38571678.0,shipped,2024-04-30
87,20,347,14047406.0,cancelled,2023-03-11
88,47,165,8868410.0,completed,2024-07-31
89,17,89,49229046.0,returned,2023-02-04
90,2,441,27481160.0,completed,2024-03-06
91,21,25,48331515.0,returned,2023-11-25
92,50,4,18539536.0,shipped,2024-08-09
93,47,190,35878973.0,shipped,2024-07-23
94,43,73,12103808.0,cancelled,2024-09-17
95,21,303,14075858.0,shipped,2023-12-19
96,16,186,43235137.0,shipped,2023-12-02
97,17,387,4585977.0,returned,2023-01-21
98,17,443,42959110.0,cancelled,2023-12-22
99,13,487,20285409.0,pending,2023-01-09
100,24,408,36645120.0,pending,2023-05-28
101,48,363,24513891.0,cancelled,2024-08-16
102,11,334,44096773.0,pending,2023-09-26
103,18,25,2135902.0,pending,2024-12-03
104,10,477,48502074.0,returned,2024-02-18
105,33,210,45410960.0,returned,2023-03-26
106,2,204,29754832.0,returned,2024-07-06
107,22,343,33723074.0,pending,2024-02-18
108,6,105,15530659.0,cancelled,2024-09-16
109,18,71,26970318.0,cancelled,2023-07-01
110,2,240,29210275.0,cancelled,2024-12-26
111,8,84,8931917.0,returned,2024-09-06
112,22,198,36509615.0,cancelled,2024-07-06
113,45,159,6157258.0,cancelled,2023-07-07
114,41,70,17356980.0,pending,2023-04-26
115,38,237,21979350.0,returned,2024-07-10
116,49,121,10621037.0,shipped,2024-03-11
117,42,459,41871974.0,cancelled,2023-04-09
118,1,400,29490844.0,cancelled,2024-06-04
119,27,201,11831776.0,completed,2024-05-21
120,33,334,19916238.0,returned,2023-09-30
121,23,329,8203443.0,shipped,2023-07-26
122,2,494,23878010.0,returned,2023-12-07
123,9,489,29419402.0,returned,2024-02-26
124,41,369,39796850.0,pending,2023-06-24
125,3,208,34042245.0,shipped,2024-01-10
126,46,94,14559258.0,cancelled,2023-06-20
127,38,476,37325986.0,returned,2024-11-10
128,25,39,23217821.0,cancelled,2024-01-02
129,4,11,33628424.0,shipped,2024-04-06
130,6,306,45547453.0,cancelled,2024-02-15
131,7,149,29045542.0,returned,2024-02-07
132,9,171,44484102.0,cancelled,2023-11-30
133,41,324,32460497.0,pending,2023-09-13
134,34,321,18263669.0,pending,2023-05-17
135,47,80,35625041.0,completed,2023-04-11
136,35,272,14426266.0,shipped,2023-04-25
137,32,315,43469925.0,pending,2024-05-01
138,22,251,9855990.0,shipped,2023-10-30
139,37,357,9148596.0,returned,2023-08-02
140,39,431,28848027.0,shipped,2023-11-06
141,3,372,36456369.0,returned,2024-12-01
142,38,156,8089544.0,pending,2024-08-25
143,7,151,2042439.0,shipped,2023-10-07
144,35,245,44699192.0,completed,2023-11-19
145,21,73,33419123.0,cancelled,2023-02-25
146,13,242,32304725.0,pending,2024-02-27
147,14,188,1804265.0,cancelled,2024-02-17
148,18,75,43406323.0,returned,2023-04-18
149,40,6,30909221.0,pending,2024-09-19
150,11,16,21347896.0,returned,2023-05-31
151,7,195,8708446.0,completed,2024-12-10
152,5,428,37857563.0,cancelled,2023-05-20
153,6,216,8680399.0,returned,2024-07-27
154,13,464,5703180.0,pending,2024-10-23
155,35,465,11507406.0,cancelled,2023-09-03
156,4,115,10285482.0,pending,2023-04-08
157,21,257,25292332.0,pending,2024-03-03
158,47,426,22310886.0,pending,2024-05-29
159,4,130,26284521.0,returned,2024-10-16
160,4,160,32998826.0,completed,2023-04-17
161,45,255,197135.0,cancelled,2023-02-20
162,2,239,38648642.0,pending,2024-04-03
163,28,216,22004740.0,returned,2024-11-29
164,37,282,16700066.0,pending,2024-09-21
165,44,252,23109433.0,returned,2024-10-21
166,7,73,2865875.0,pending,2023-05-08
167,46,190,6532795.0,shipped,2024-07-30
168,36,196,47028201.0,completed,2024-12-13
169,9,476,41171595.0,returned,2023-04-24
170,14,287,44954744.0,cancelled,2023-06-15
171,38,306,19218738.0,cancelled,2023-09-30
172,30,215,7503504.0,completed,2024-04-27
173,19,451,30196365.0,pending,2024-01-17
174,6,21,42802112.0,cancelled,2024-04-13
175,26,123,34525718.0,cancelled,2024-09-21
176,42,240,39313288.0,returned,2024-01-02
177,10,189,32196973.0,pending,2024-05-24
178,42,409,33878720.0,pending,2023-03-29
179,15,121,6614244.0,pending,2023-08-07
180,2,282,45419463.0,shipped,2023-07-04
181,39,30,47333322.0,shipped,2023-08-31
182,14,111,21979525.0,returned,2024-08-03
183,13,303,25995114.0,completed,2024-01-17
184,28,223,16699644.0,completed,2024-10-09
185,38,433,41570529.0,shipped,2023-09-04
186,47,424,37873204.0,returned,2024-09-28
187,33,467,37665613.0,returned,2023-03-15
188,24,27,3704065.0,shipped,2023-08-22
189,43,237,21373025.0,cancelled,2023-08-20
190,41,460,8927348.0,returned,2023-10-02
191,41,58,29218809.0,pending,2023-09-06
192,7,353,36130117.0,cancelled,2024-10-30
193,22,253,25638407.0,shipped,2024-11-29
194,46,12,31642330.0,completed,2024-11-17
195,4,290,5836569.0,shipped,2023-07-06
196,29,321,20049313.0,cancelled,2023-08-31
197,12,138,10575079.0,cancelled,2023-05-24
198,4,466,27900354.0,completed,2023-05-07
199,45,470,7364014.0,completed,2024-08-19
200,35,401,29298777.0,cancelled,2023-08-18
201,13,58,2236275.0,shipped,2024-09-28
202,34,447,44499934.0,cancelled,2024-01-17
203,6,116,30547258.0,completed,2023-09-03
204,6,377,284221.0,returned,2023-07-21
205,30,403,47126324.0,pending,2023-03-31
206,21,3,43966097.0,completed,2024-06-22
207,35,344,24789428.0,completed,2024-09-20
208,45,459,6139887.0,shipped,2024-04-06
209,31,149,14848876.0,returned,2024-05-03
210,30,260,47220323.0,pending,2024-07-19
211,36,356,18876834.0,pending,2024-01-08
212,3,154,16820104.0,cancelled,2023-10-23
213,25,472,18291434.0,returned,2023-11-04
214,21,147,35403261.0,pending,2023-04-05
215,14,244,6371563.0,completed,2023-11-19
216,43,482,11991488.0,cancelled,2023-08-03
217,41,370,21983262.0,shipped,2023-03-06
218,25,436,34203836.0,returned,2023-02-04
219,22,426,41899877.0,pending,2023-11-09
220,40,136,48889347.0,shipped,2023-08-04
221,25,267,22301816.0,returned,2023-07-22
222,22,489,5372551.0,pending,2023-08-15
223,27,201,37096265.0,cancelled,2023-07-31
224,50,326,44498741.0,pending,2023-12-24
225,18,430,35789820.0,pending,2024-09-12
226,44,28,16215768.0,returned,2023-04-18
227,17,233,367253.0,pending,2024-03-06
228,46,391,36658313.0,pending,2024-03-18
229,14,475,45619819.0,cancelled,2023-09-17
230,32,384,13034699.0,shipped,2024-04-25
231,43,22,2771601.0,returned,2023-07-05
232,21,74,11073811.0,pending,2024-06-04
233,41,22,44278940.0,completed,2023-03-27
234,49,4,26755953.0,returned,2023-08-23
235,28,321,6048249.0,shipped,2024-09-12
236,25,55,22534538.0,pending,2023-11-13
237,18,92,33111248.0,cancelled,2024-10-21
238,1,20,49001511.0,completed,2024-06-16
239,49,280,46366828.0,completed,2024-07-24
240,49,156,21675303.0,cancelled,2024-11-01
241,23,423,21827066.0,completed,2023-04-18
242,44,491,35800876.0,completed,2024-11-19
243,30,185,33860349.0,completed,2023-10-15
244,19,212,19790152.0,pending,2024-10-10
245,27,244,31068959.0,cancelled,2023-04-04
246,10,88,49522202.0,cancelled,2023-06-12
247,3,96,37342790.0,cancelled,2024-07-25
248,11,347,10582526.0,cancelled,2024-12-29
249,31,54,21332312.0,completed,2023-03-23
250,36,296,36541686.0,pending,2024-09-19
251,17,382,26708331.0,pending,2024-05-15
252,20,98,34797267.0,pending,2023-10-05
253,45,495,22575776.0,returned,2024-03-08
254,38,387,41103030.0,cancelled,2023-03-31
255,3,319,43209079.0,pending,2023-10-19
256,44,124,34619711.0,completed,2024-04-13
257,47,214,20061318.0,shipped,2024-10-31
258,26,278,17620080.0,pending,2023-01-27
259,16,36,9349531.0,pending,2023-02-26
260,14,372,49399989.0,cancelled,2023-04-28
261,38,226,41703727.0,pending,2023-08-12
262,25,184,12991957.0,cancelled,2023-10-23
263,4,81,49485069.0,completed,2023-02-11
264,12,419,7816336.0,cancelled,2024-01-22
265,22,152,47153126.0,pending,2023-05-06
266,8,187,21372213.0,completed,2023-11-12
267,28,315,5355174.0,returned,2023-03-05
268,15,476,38983198.0,cancelled,2024-11-28
269,15,114,35896632.0,shipped,2023-11-12
270,9,299,34964842.0,returned,2023-01-12
271,41,15,26545241.0,returned,2023-06-24
272,6,9,20751088.0,returned,2023-07-22
273,31,466,2108526.0,shipped,2023-06-28
274,13,408,48479783.0,pending,2024-04-16
275,7,201,45785097.0,returned,2024-01-21
276,8,47,39534574.0,completed,2024-03-02
277,48,47,40038619.0,returned,2023-11-04
278,36,356,46606082.0,pending,2024-05-13
279,46,405,8807811.0,returned,2024-10-25
280,36,254,21164652.0,shipped,2024-08-19
281,48,25,21370520.0,pending,2023-09-27
282,6,415,17285248.0,cancelled,2023-03-16
283,20,217,21038591.0,shipped,2023-06-14
284,33,460,6421287.0,cancelled,2023-08-30
285,11,221,11709239.0,pending,2024-04-02
286,32,337,26957471.0,pending,2023-10-30
287,1,109,1627265.0,pending,2024-12-22
288,46,296,38352009.0,shipped,2023-07-01
289,49,176,15334342.0,shipped,2023-11-01
290,47,458,35511641.0,pending,2023-11-03
291,15,444,31869707.0,completed,2023-02-05
292,35,239,40321494.0,returned,2024-08-30
293,30,70,46090337.0,returned,2024-03-14
294,12,294,19475558.0,cancelled,2023-11-19
295,10,326,28461990.0,returned,2024-07-14
296,27,248,44609149.0,returned,2023-05-03
297,13,85,10059322.0,returned,2023-04-19
298,2,246,20327076.0,completed,2023-04-07
299,8,116,45314097.0,shipped,2023-08-28
300,12,326,28647016.0,shipped,2023-09-27
301,45,8,4097364.0,cancelled,2024-12-11
302,24,133,37031740.0,pending,2024-04-01
303,29,293,37282748.0,returned,2024-03-19
304,35,307,8608509.0,cancelled,2024-01-12
305,8,57,44596019.0,pending,2023-01-25
306,2,158,44012020.0,pending,2023-02-07
307,15,466,28822064.0,returned,2023-10-21
308,43,323,42546729.0,pending,2023-11-02
309,2,471,9282848.0,returned,2023-05-14
310,15,187,24318532.0,returned,2024-09-26
311,18,339,35448349.0,pending,2023-06-03
312,43,4,27523920.0,cancelled,2024-05-14
313,28,19,29365963.0,shipped,2024-06-07
314,7,72,13400829.0,cancelled,2024-03-22
315,16,87,13644229.0,completed,2023-05-02
316,40,160,460075.0,completed,2024-03-15
317,6,482,42108039.0,completed,2023-09-05
318,20,437,34574848.0,shipped,2024-08-11
319,32,230,6265529.0,returned,2023-07-09
320,39,152,21342817.0,completed,2024-08-16
321,10,160,47301259.0,completed,2024-08-29
322,30,346,40577620.0,pending,2024-01-21
323,47,401,37044288.0,pending,2023-02-14
324,3,17,14240899.0,cancelled,2023-03-12
325,1,269,969248.0,pending,2024-02-11
326,25,374,25207579.0,shipped,2024-06-30
327,34,27,44918393.0,pending,2023-01-19
328,20,406,30194741.0,completed,2024-05-10
329,21,438,12355371.0,cancelled,2024-07-27
330,32,103,42523939.0,returned,2023-01-15
331,18,468,42772357.0,shipped,2023-12-30
332,19,49,6786284.0,shipped,2024-05-28
333,42,267,37532121.0,pending,2024-02-13
334,46,41,26178965.0,returned,2024-01-14
335,20,134,12935570.0,shipped,2023-08-07
336,24,125,24066833.0,pending,2023-04-28
337,23,60,44232027.0,cancelled,2023-03-05
338,31,316,38150168.0,cancelled,2024-03-28
339,5,169,23043527.0,completed,2024-05-28
340,18,310,23521149.0,shipped,2024-04-03
341,15,413,27459970.0,completed,2024-05-08
342,27,53,18637182.0,completed,2023-08-05
343,33,124,4972356.0,completed,2024-08-13
344,50,482,9336889.0,cancelled,2024-01-27
345,44,112,30631601.0,cancelled,2023-06-10
346,29,367,127728.0,completed,2024-08-20
347,42,222,24213638.0,returned,2024-08-21
348,15,387,5580130.0,completed,2024-10-23
349,4,459,49972867.0,shipped,2024-09-16
350,5,376,26333287.0,pending,2024-03-10
351,50,141,23387597.0,shipped,2023-01-22
352,2,471,39162064.0,cancelled,2024-03-09
353,43,239,26544051.0,pending,2024-03-25
354,46,472,30440984.0,completed,2023-12-12
355,6,321,18389911.0,shipped,2024-09-18
356,37,317,36437006.0,completed,2023-10-10
357,37,294,7068847.0,pending,2024-06-14
358,50,111,49172849.0,pending,2024-07-10
359,22,119,34557693.0,completed,2023-06-21
360,42,317,46527279.0,shipped,2023-08-19
361,50,211,24585758.0,returned,2023-12-23
362,43,226,16085361.0,pending,2024-08-08
363,36,33,33229834.0,completed,2024-11-06
364,25,222,48852207.0,completed,2024-08-30
365,9,463,49382499.0,completed,2024-08-06
366,17,470,37102045.0,shipped,2023-09-08
367,40,331,14271698.0,shipped,2024-01-05
368,2,245,33784712.0,shipped,2023-04-08
369,38,387,46891463.0,returned,2023-07-19
370,17,186,15069253.0,returned,2024-02-10
371,5,236,28646549.0,pending,2024-02-28
372,48,448,48863349.0,cancelled,2024-09-19
373,22,395,49221514.0,returned,2024-03-01
374,28,15,41601347.0,pending,2024-07-18
375,9,363,32018375.0,pending,2024-11-06
376,41,458,17232544.0,completed,2024-11-23
377,16,463,49159415.0,cancelled,2023-10-17
378,36,340,33536679.0,returned,2024-10-06
379,28,221,38713264.0,cancelled,2023-05-24
380,12,24,49961362.0,pending,2024-05-21
381,16,388,31636656.0,completed,2024-10-01
382,38,249,41817320.0,cancelled,2023-08-12
383,40,65,3821113.0,cancelled,2023-09-06
384,8,43,27352437.0,cancelled,2024-06-14
385,10,92,2497478.0,returned,2024-12-19
386,1,189,35853605.0,pending,2024-05-14
387,11,389,26326792.0,shipped,2024-05-15
388,1,400,30365369.0,completed,2024-02-22
389,8,61,21298493.0,returned,2024-02-17
390,4,267,18713618.0,completed,2024-10-04
391,46,491,14131981.0,completed,2024-05-23
392,47,282,30992206.0,pending,2024-01-29
393,20,229,47106869.0,completed,2024-04-24
394,13,317,43952405.0,returned,2024-05-30
395,45,303,37000131.0,shipped,2023-08-18
396,50,432,15403388.0,completed,2023-08-28
397,36,268,14688662.0,returned,2023-12-24
398,44,222,28138948.0,cancelled,2024-08-25
399,30,466,42225222.0,cancelled,2023-03-01
400,2,378,17818807.0,returned,2024-04-08
401,18,168,35468280.0,cancelled,2024-11-11
402,37,223,7545829.0,cancelled,2023-05-26
403,27,485,43519816.0,returned,2023-11-08
404,28,475,13241036.0,returned,2024-12-27
405,8,313,40291224.0,pending,2024-06-14
406,2,201,46714214.0,shipped,2024-07-29
407,50,238,5635997.0,pending,2023-01-03
408,32,200,36865831.0,returned,2023-09-18
409,21,294,26264690.0,shipped,2024-08-22
410,48,84,9033727.0,shipped,2024-02-24
411,45,301,23218446.0,shipped,2023-05-17
412,11,254,45733910.0,completed,2023-05-11
413,48,471,48849978.0,cancelled,2024-08-17
414,44,200,11428185.0,shipped,2024-08-09
415,13,30,29256850.0,completed,2024-09-24
416,28,324,23465552.0,completed,2023-01-27
417,38,223,49710364.0,pending,2024-04-13
418,18,298,5514788.0,pending,2023-04-02
419,33,69,38702779.0,shipped,2024-12-19
420,21,168,18566551.0,cancelled,2024-08-15
421,22,499,34747911.0,shipped,2023-12-15
422,38,72,24433271.0,returned,2024-09-21
423,49,245,21706609.0,pending,2024-04-25
424,34,445,8612442.0,pending,2024-11-29
425,34,447,18907991.0,pending,2023-10-15
426,19,414,44804844.0,completed,2023-10-06
427,42,146,47899611.0,pending,2024-09-30
428,8,41,39366904.0,completed,2024-11-30
429,10,139,20452571.0,cancelled,2024-03-07
430,50,432,26990355.0,cancelled,2023-04-22
431,37,405,3902862.0,returned,2024-07-15
432,50,25,43501151.0,shipped,2023-07-01
433,32,298,41468763.0,pending,2024-08-05
434,6,228,20535082.0,completed,2023-11-08
435,20,203,9278270.0,shipped,2023-12-12
436,11,61,24565365.0,returned,2023-09-21
437,13,367,10800192.0,returned,2023-09-09
438,18,347,7363925.0,cancelled,2024-11-19
439,1,91,10811743.0,pending,2024-11-06
440,4,449,3820135.0,shipped,2024-07-20
441,44,81,12646266.0,cancelled,2024-04-02
442,28,367,40829245.0,pending,2023-12-16
443,38,466,35669227.0,returned,2024-02-25
444,32,372,40530404.0,pending,2023-12-15
445,6,385,19085323.0,completed,2023-02-04
446,5,444,31312599.0,pending,2024-07-03
447,25,107,43673649.0,returned,2023-01-03
448,10,491,1170807.0,pending,2023-07-10
449,46,186,49698268.0,completed,2023-10-07
450,2,385,24915293.0,shipped,2024-03-01
451,38,106,47442389.0,pending,2024-09-06
452,47,313,34921131.0,cancelled,2024-02-07
453,44,426,23873884.0,pending,2024-05-23
454,37,215,30154376.0,returned,2023-02-18
455,26,369,1623774.0,pending,2023-05-22
456,4,132,16768421.0,shipped,2023-06-17
457,21,234,4589398.0,returned,2024-04-01
458,49,333,16958722.0,completed,2024-09-07
459,19,179,27345988.0,shipped,2023-03-30
460,49,9,39230344.0,returned,2024-08-19
461,43,317,34867352.0,completed,2023-02-08
462,50,143,40411393.0,returned,2023-10-22
463,33,477,6730564.0,shipped,2023-05-29
464,15,270,32721636.0,pending,2024-03-17
465,7,366,47160233.0,returned,2024-05-04
466,1,63,33928884.0,returned,2024-04-25
467,8,271,43177409.0,completed,2024-09-26
468,25,301,40560915.0,cancelled,2024-10-19
469,8,251,49532092.0,pending,2024-07-29
470,41,155,5065191.0,shipped,2024-07-01
471,15,122,19717198.0,returned,2023-12-12
472,36,242,10463874.0,pending,2024-12-16
473,21,210,35325298.0,completed,2024-02-26
474,49,22,23860141.0,shipped,2024-06-14
475,29,115,26349106.0,returned,2024-11-11
476,2,424,8854555.0,cancelled,2024-11-23
477,31,441,221663.0,returned,2023-07-01
478,17,30,20641109.0,completed,2023-03-19
479,39,294,28121395.0,shipped,2023-07-24
480,27,498,25264995.0,completed,2024-08-28
481,49,162,47636176.0,completed,2024-12-26
482,23,64,5123938.0,pending,2023-05-28
483,24,462,47650555.0,shipped,2023-06-07
484,45,123,1673567.0,completed,2023-08-07
485,15,71,24011187.0,returned,2023-04-13
486,13,108,19629320.0,returned,2023-06-18
487,48,109,381278.0,pending,2024-12-14
488,38,13,43242364.0,pending,2023-06-03
489,8,108,12337188.0,cancelled,2023-03-15
490,1,428,14832492.0,cancelled,2023-05-30
491,48,442,33677805.0,pending,2023-09-16
492,6,427,36688164.0,cancelled,2023-05-21
493,37,129,30400999.0,shipped,2024-06-16
494,16,376,41016788.0,cancelled,2024-04-21
495,47,432,3364866.0,cancelled,2024-05-31
496,17,304,44297263.0,completed,2023-05-09
497,21,306,8328596.0,pending,2024-06-12
498,4,292,3359629.0,pending,2024-01-11
499,48,356,30539594.0,completed,2024-02-20
500,9,371,18653024.0,completed,2024-12-05
501,38,486,23758709.0,pending,2024-10-17
502,28,196,23270575.0,completed,2023-11-23
503,42,380,8355729.0,returned,2024-05-20
504,36,265,42326841.0,pending,2024-07-22
505,1,229,37720040.0,returned,2024-01-14
506,22,9,28174760.0,pending,2023-03-03
507,17,233,30987372.0,pending,2023-02-01
508,15,10,7665626.0,shipped,2024-10-04
509,24,140,35378639.0,cancelled,2024-06-18
510,31,369,6475552.0,cancelled,2024-03-24
511,23,500,3403755.0,shipped,2024-05-23
512,41,102,37853988.0,completed,2024-11-25
513,26,223,14499560.0,cancelled,2024-09-28
514,22,135,15041968.0,pending,2023-04-06
515,32,125,30338359.0,cancelled,2024-03-24
516,14,337,19606400.0,returned,2023-09-18
517,31,472,13498388.0,completed,2024-03-01
518,32,212,35282031.0,pending,2024-01-20
519,31,296,27651521.0,pending,2024-07-10
520,8,464,6334565.0,pending,2023-06-04
521,11,392,493141.0,shipped,2024-08-22
522,17,156,25497843.0,pending,2024-06-14
523,20,28,29705999.0,returned,2024-12-17
524,11,385,26472959.0,returned,2024-02-24
525,17,409,19431245.0,shipped,2024-09-09
526,5,490,32626581.0,pending,2023-04-28
527,1,141,19391512.0,pending,2023-06-20
528,41,96,25269569.0,returned,2024-01-13
529,24,12,13374261.0,cancelled,2024-09-03
530,30,191,27684655.0,pending,2024-07-09
531,3,46,12482480.0,pending,2023-02-10
532,9,388,44092414.0,completed,2024-07-04
533,33,376,11108178.0,completed,2024-12-15
534,29,284,30493978.0,completed,2024-04-03
535,26,477,10955958.0,returned,2024-03-29
536,26,90,34248548.0,shipped,2023-07-03
537,1,23,49776692.0,cancelled,2024-03-22
538,33,227,46537946.0,returned,2023-05-13
539,6,497,43674624.0,cancelled,2024-02-26
540,36,81,9455685.0,pending,2023-01-19
541,36,126,28992888.0,shipped,2023-07-06
542,18,391,38234382.0,pending,2024-01-09
543,25,145,391208.0,shipped,2023-12-25
544,16,68,37896057.0,shipped,2023-07-08
545,42,406,6683432.0,returned,2023-05-24
546,42,316,20065073.0,returned,2023-10-02
547,3,122,34181903.0,returned,2023-06-16
548,16,131,5437560.0,completed,2023-06-05
549,42,77,42226131.0,cancelled,2023-05-08
550,36,153,45981991.0,cancelled,2024-02-19
551,38,90,46668883.0,shipped,2023-12-08
552,10,381,23248233.0,pending,2024-09-21
553,16,120,1916498.0,completed,2024-08-16
554,44,333,32682619.0,cancelled,2024-04-09
555,49,337,37794761.0,shipped,2024-03-19
556,31,413,1979191.0,returned,2023-03-31
557,26,23,24421291.0,pending,2023-03-31
558,41,21,29551772.0,cancelled,2024-09-03
559,42,387,38432002.0,cancelled,2024-11-06
560,24,173,49622252.0,pending,2024-07-20
561,23,284,26694593.0,completed,2023-12-09
562,30,124,24434175.0,returned,2023-04-25
563,20,248,18958494.0,shipped,2023-11-30
564,13,56,14577086.0,pending,2023-07-16
565,28,422,4427101.0,cancelled,2023-03-19
566,12,23,47873911.0,cancelled,2024-04-29
567,23,53,43933589.0,completed,2024-12-17
568,11,13,22086011.0,shipped,2024-04-26
569,40,394,35249291.0,pending,2024-03-30
570,36,153,24479955.0,returned,2023-07-05
571,2,41,1319409.0,shipped,2024-08-27
572,12,294,30480126.0,returned,2024-02-17
573,19,177,30447366.0,pending,2024-06-27
574,41,228,5448096.0,shipped,2024-05-11
575,46,57,42362225.0,shipped,2024-03-11
576,24,32,26983499.0,cancelled,2023-11-05
577,49,30,9894238.0,returned,2024-07-17
578,34,338,8109693.0,cancelled,2023-07-20
579,14,103,42749608.0,cancelled,2024-06-01
580,26,229,36490253.0,shipped,2023-10-09
581,7,51,612091.0,pending,2024-08-27
582,49,366,16951173.0,cancelled,2024-07-10
583,7,375,15118685.0,returned,2024-04-20
584,13,2,28285109.0,pending,2023-09-05
585,21,35,38329721.0,cancelled,2024-02-12
586,39,214,18117077.0,shipped,2023-03-19
587,29,24,29353192.0,completed,2024-01-29
588,2,207,25672956.0,pending,2023-10-29
589,36,28,35212295.0,shipped,2023-03-09
590,42,152,42024168.0,cancelled,2023-07-10
591,15,254,3615342.0,pending,2024-01-27
592,34,130,42533252.0,pending,2024-10-23
593,42,134,22083295.0,shipped,2023-11-03
594,43,9,9632381.0,completed,2023-01-12
595,3,454,46464519.0,returned,2024-11-04
596,25,408,44340615.0,returned,2023-03-29
597,22,332,6967635.0,returned,2024-05-18
598,8,92,15367070.0,pending,2024-03-02
599,29,358,17992689.0,shipped,2023-03-27
600,26,445,38781231.0,shipped,2024-11-25
601,11,123,32617119.0,completed,2023-10-07
602,20,114,23064241.0,returned,2023-02-04
603,14,152,31462500.0,pending,2023-10-03
604,40,390,6009962.0,shipped,2023-02-28
605,16,390,33710850.0,shipped,2024-11-27
606,14,178,9033619.0,pending,2024-01-24
607,20,376,41044267.0,completed,2024-11-15
608,38,47,46586229.0,completed,2024-12-30
609,41,486,3110885.0,completed,2023-04-10
610,15,462,4878910.0,returned,2023-03-08
611,43,417,16207902.0,cancelled,2023-10-05
612,3,37,43088659.0,completed,2023-12-23
613,5,155,20378684.0,cancelled,2023-02-13
614,38,462,16863464.0,completed,2024-11-18
615,3,118,28677531.0,pending,2024-08-17
616,11,216,31599071.0,completed,2024-12-20
617,42,42,374650.0,shipped,2024-04-13
618,13,479,42295172.0,returned,2023-08-06
619,41,328,12731346.0,cancelled,2024-09-12
620,19,116,34695693.0,completed,2024-10-30
621,16,172,26221561.0,completed,2023-06-02
622,13,2,44337162.0,pending,2023-10-09
623,1,471,19149377.0,returned,2024-10-15
624,47,466,34132242.0,completed,2023-06-04
625,21,175,41618078.0,returned,2024-04-30
626,2,132,29746945.0,shipped,2024-11-21
627,41,456,19471437.0,completed,2024-09-13
628,37,333,40737382.0,shipped,2023-06-01
629,46,493,45764579.0,returned,2024-03-10
630,26,266,735970.0,cancelled,2024-04-10
631,10,383,3145163.0,pending,2024-02-20
632,23,281,18521018.0,pending,2024-11-19
633,38,465,41007458.0,completed,2023-05-20
634,43,471,44072410.0,completed,2023-08-03
635,22,78,14280991.0,pending,2023-07-04
636,35,216,15361845.0,returned,2024-09-27
637,35,13,19047509.0,returned,2023-10-03
638,44,153,38400200.0,shipped,2023-07-21
639,16,81,29576407.0,returned,2024-01-30
640,23,220,13493434.0,pending,2024-04-27
641,30,252,17362590.0,cancelled,2023-03-12
642,21,55,33993136.0,completed,2023-11-07
643,41,48,49941381.0,returned,2023-04-18
644,15,73,18469777.0,pending,2023-04-11
645,3,213,34127090.0,returned,2023-09-30
646,7,53,4779809.0,pending,2024-04-07
647,15,278,10000278.0,cancelled,2024-01-12
648,6,18,28580600.0,shipped,2023-05-28
649,12,405,37626827.0,shipped,2024-12-12
650,26,287,39436163.0,completed,2024-05-06
651,36,221,47721383.0,cancelled,2023-10-01
652,8,99,47957109.0,completed,2023-11-20
653,33,150,16935252.0,returned,2023-06-28
654,45,80,2594640.0,shipped,2024-07-02
655,7,443,7147673.0,completed,2023-03-27
656,9,138,37405767.0,cancelled,2024-08-15
657,23,289,4457274.0,completed,2024-05-31
658,4,220,24544935.0,returned,2023-06-20
659,31,155,7381749.0,completed,2023-08-07
660,30,495,26802720.0,shipped,2024-06-21
661,23,136,24618442.0,cancelled,2024-01-21
662,48,241,27689318.0,cancelled,2024-02-08
663,25,368,1615176.0,cancelled,2024-03-22
664,42,259,10804684.0,cancelled,2023-06-21
665,17,106,12573155.0,completed,2024-11-05
666,4,332,1442683.0,pending,2024-09-15
667,42,298,47062761.0,pending,2023-11-03
668,48,4,7123979.0,pending,2023-06-16
669,28,218,35528694.0,returned,2024-05-21
670,2,337,46594506.0,returned,2024-03-10
671,26,33,5056498.0,returned,2023-01-10
672,10,322,12758697.0,returned,2023-11-01
673,22,447,10228799.0,completed,2024-09-05
674,19,129,37769272.0,pending,2024-01-06
675,16,15,32608538.0,shipped,2024-12-14
676,48,371,6993524.0,returned,2023-06-19
677,22,452,10391362.0,completed,2024-01-01
678,34,218,18973826.0,pending,2023-07-28
679,11,69,26931091.0,returned,2024-08-20
680,20,10,47543710.0,cancelled,2024-05-13
681,33,333,49871218.0,completed,2024-08-15
682,25,465,49297780.0,shipped,2023-01-28
683,48,413,19017544.0,completed,2023-02-23
684,38,328,47736069.0,pending,2024-08-07
685,34,400,15312386.0,returned,2023-08-03
686,23,72,49961247.0,returned,2023-03-08
687,12,132,20145916.0,pending,2023-05-15
688,23,13,29303503.0,shipped,2024-09-01
689,22,268,10806227.0,cancelled,2024-06-13
690,2,47,46031781.0,cancelled,2024-03-24
691,49,72,42260727.0,shipped,2023-06-18
692,14,18,5931107.0,cancelled,2024-05-21
693,15,471,23304368.0,pending,2023-08-17
694,28,179,22860214.0,cancelled,2023-06-13
695,47,174,11586028.0,cancelled,2024-03-25
696,32,486,8062909.0,returned,2024-09-30
697,41,409,4646108.0,completed,2023-03-18
698,6,5,47554209.0,shipped,2024-08-04
699,4,96,14244165.0,completed,2023-03-27
700,8,117,32282780.0,completed,2024-09-28
701,40,417,25889561.0,pending,2024-01-20
702,50,307,27284767.0,shipped,2023-09-10
703,30,121,35951827.0,returned,2024-12-18
704,35,218,117961.0,shipped,2023-05-19
705,14,322,45705709.0,pending,2023-09-18
706,12,342,32605369.0,completed,2024-11-15
707,44,495,29302326.0,shipped,2024-04-26
708,43,92,1358931.0,shipped,2023-01-09
709,34,439,5480002.0,shipped,2023-08-14
710,48,272,21759736.0,shipped,2023-09-09
711,39,7,11492458.0,shipped,2024-03-20
712,38,318,12407940.0,shipped,2024-01-19
713,41,245,6179231.0,completed,2024-04-08
714,16,283,8535315.0,returned,2023-04-17
715,49,392,28225104.0,cancelled,2023-10-17
716,16,257,36791884.0,cancelled,2023-02-26
717,2,406,37109101.0,pending,2024-03-18
718,1,294,30412090.0,shipped,2024-04-20
719,7,288,34378898.0,returned,2023-03-04
720,12,254,46881458.0,shipped,2024-09-03
721,37,474,45011604.0,cancelled,2024-07-24
722,38,281,45363639.0,shipped,2024-11-03
723,22,166,31676231.0,returned,2024-12-15
724,5,109,19978263.0,pending,2023-01-22
725,14,307,25942990.0,shipped,2023-02-15
726,48,45,10403702.0,pending,2023-09-22
727,7,83,39714954.0,cancelled,2023-11-29
728,26,281,7382205.0,shipped,2023-07-06
729,32,367,44461639.0,returned,2023-07-11
730,50,410,36427299.0,cancelled,2024-07-08
731,5,64,32731665.0,shipped,2024-05-22
732,18,157,37026307.0,completed,2023-03-13
733,49,183,49738562.0,shipped,2024-03-09
734,23,145,23313153.0,returned,2024-08-07
735,5,418,46233229.0,cancelled,2023-02-14
736,43,191,23871577.0,pending,2023-05-27
737,48,494,49728452.0,pending,2024-07-26
738,22,107,15360892.0,shipped,2024-08-21
739,45,298,46931024.0,shipped,2023-11-23
740,31,317,47201514.0,shipped,2024-11-16
741,31,268,23071474.0,completed,2023-04-08
742,36,370,44472855.0,shipped,2023-10-13
743,50,106,16072275.0,completed,2024-08-19
744,34,19,24203812.0,returned,2023-04-12
745,47,406,45233141.0,cancelled,2023-03-10
746,12,18,5728893.0,pending,2024-12-20
747,3,9,21182255.0,returned,2024-04-28
748,24,201,1332473.0,shipped,2023-01-08
749,7,143,17085136.0,pending,2024-06-17
750,7,236,21472328.0,cancelled,2024-06-04
751,9,249,46944154.0,returned,2024-04-30
752,2,271,22500701.0,returned,2024-09-05
753,16,94,25415003.0,cancelled,2024-02-20
754,8,49,32898949.0,returned,2024-01-21
755,17,360,30119122.0,cancelled,2023-03-02
756,13,122,3912397.0,pending,2024-08-13
757,24,327,22915827.0,pending,2023-02-24
758,36,345,41055145.0,completed,2023-03-12
759,4,463,15564732.0,pending,2023-09-13
760,25,96,39869652.0,cancelled,2024-11-14
761,40,71,29340485.0,completed,2024-05-25
762,46,247,16384168.0,returned,2023-12-19
763,9,160,16959947.0,cancelled,2023-09-26
764,3,47,32713568.0,completed,2023-07-04
765,19,108,42905701.0,returned,2024-04-23
766,25,41,6025620.0,returned,2024-04-20
767,13,411,17320499.0,shipped,2023-01-05
768,41,387,16829750.0,completed,2024-02-04
769,35,394,25969277.0,cancelled,2023-06-16
770,39,79,21077788.0,shipped,2023-07-16
771,1,491,3581494.0,shipped,2023-03-23
772,11,370,26469045.0,completed,2024-09-24
773,39,371,34289917.0,pending,2024-05-16
774,41,125,36238832.0,cancelled,2024-08-09
775,17,327,27762142.0,completed,2024-07-15
776,41,191,24424825.0,shipped,2024-02-12
777,1,384,48214987.0,returned,2024-08-28
778,29,389,15996348.0,completed,2023-11-13
779,9,404,13811369.0,cancelled,2023-07-15
780,28,451,30251945.0,completed,2023-09-05
781,13,149,17012380.0,completed,2023-05-12
782,14,115,17999158.0,pending,2024-04-09
783,23,61,17110955.0,pending,2023-12-28
784,1,373,32485300.0,pending,2024-03-18
785,49,284,37869770.0,cancelled,2023-06-19
786,25,284,48656475.0,cancelled,2023-11-23
787,29,206,23650686.0,cancelled,2023-07-29
788,13,221,9238856.0,returned,2023-09-01
789,48,37,13683367.0,returned,2024-02-25
790,36,392,43606219.0,pending,2024-04-08
791,6,344,9227724.0,shipped,2024-07-30
792,14,29,18367357.0,cancelled,2024-01-03
793,34,452,45857303.0,shipped,2023-02-04
794,2,39,33596346.0,returned,2023-12-11
795,34,410,39100226.0,cancelled,2023-03-16
796,33,306,19093929.0,cancelled,2024-02-20
797,40,127,32121518.0,pending,2023-01-25
798,12,423,41387692.0,completed,2024-05-07
799,1,471,7072941.0,completed,2023-11-21
800,49,188,44119648.0,shipped,2024-02-12
801,42,374,32082398.0,cancelled,2024-08-01
802,48,435,25155990.0,pending,2024-05-18
803,12,283,48481540.0,cancelled,2023-05-25
804,28,193,4981848.0,shipped,2023-06-21
805,25,378,5515979.0,cancelled,2024-10-27
806,24,348,11150060.0,cancelled,2024-03-18
807,35,332,45015930.0,pending,2024-04-14
808,27,408,41747018.0,returned,2024-11-19
809,32,497,9030278.0,pending,2023-05-04
810,20,445,14160301.0,shipped,2024-12-06
811,41,447,9676209.0,cancelled,2024-01-30
812,46,389,22566474.0,returned,2023-10-01
813,31,96,20402941.0,cancelled,2024-06-18
814,29,198,36495014.0,pending,2024-07-02
815,37,252,26496455.0,pending,2023-02-16
816,27,238,9500913.0,returned,2023-07-28
817,39,213,16652510.0,shipped,2024-09-22
818,39,397,37815869.0,completed,2023-03-26
819,29,442,22065569.0,pending,2023-08-01
820,39,153,27868972.0,shipped,2023-02-04
821,38,467,31387557.0,cancelled,2024-10-31
822,47,38,6135430.0,completed,2023-01-25
823,41,419,35578717.0,pending,2023-09-12
824,8,110,17203049.0,cancelled,2023-02-01
825,20,77,15005230.0,returned,2023-02-24
826,24,340,29595763.0,shipped,2023-06-22
827,21,229,8881108.0,returned,2024-08-02
828,7,14,1151163.0,returned,2024-03-31
829,39,34,38958361.0,returned,2024-02-27
830,40,439,18209048.0,returned,2024-11-29
831,13,338,18139412.0,cancelled,2024-12-14
832,43,145,30955164.0,shipped,2023-12-02
833,26,78,45620328.0,cancelled,2023-04-19
834,18,87,7545150.0,pending,2024-05-27
835,30,380,32769802.0,shipped,2024-02-02
836,18,22,2631625.0,cancelled,2024-07-23
837,5,483,33806026.0,pending,2024-02-04
838,9,447,39629446.0,pending,2023-09-02
839,44,358,31368102.0,returned,2024-10-30
840,43,38,22138413.0,returned,2024-03-27
841,18,27,7021574.0,completed,2023-12-18
842,7,124,37849265.0,shipped,2024-03-14
843,19,212,48114998.0,pending,2023-06-11
844,44,245,24431690.0,pending,2023-10-25
845,30,448,10503886.0,cancelled,2023-07-19
846,37,469,22150847.0,pending,2023-05-09
847,49,476,47985528.0,pending,2024-05-19
848,19,201,29071729.0,pending,2023-02-08
849,37,423,26789985.0,completed,2023-09-17
850,41,334,20919689.0,completed,2023-12-08
851,45,10,35278543.0,shipped,2023-08-21
852,42,411,24859524.0,returned,2024-08-02
853,41,40,49833626.0,completed,2024-07-31
854,22,268,16146450.0,shipped,2023-01-18
855,49,143,33611266.0,cancelled,2023-10-11
856,3,279,32098758.0,cancelled,2024-06-04
857,18,422,47200809.0,returned,2024-01-23
858,31,303,32963999.0,completed,2023-12-14
859,12,57,35503998.0,completed,2024-02-25
860,26,218,9621873.0,shipped,2024-08-26
861,24,177,5559669.0,completed,2023-01-12
862,17,168,23593806.0,pending,2023-03-30
863,41,426,38712933.0,returned,2024-03-27
864,19,330,5878908.0,completed,2024-03-26
865,14,276,17962984.0,cancelled,2024-03-02
866,14,50,18604085.0,cancelled,2023-11-01
867,8,158,3326312.0,shipped,2023-01-22
868,28,384,11861499.0,cancelled,2023-05-25
869,7,309,42498346.0,pending,2024-04-20
870,34,343,34472518.0,completed,2023-06-16
871,23,433,42852523.0,completed,2024-10-24
872,33,112,20022952.0,cancelled,2023-10-11
873,32,106,24440348.0,cancelled,2024-11-16
874,27,359,48428968.0,returned,2023-08-28
875,29,88,4767238.0,shipped,2024-08-21
876,22,344,5530972.0,completed,2024-11-27
877,6,167,49020550.0,shipped,2023-03-03
878,6,241,16003489.0,cancelled,2024-12-19
879,7,463,10949896.0,shipped,2024-03-03
880,3,454,31635075.0,returned,2024-03-06
881,26,42,28346089.0,pending,2023-07-09
882,44,333,38448939.0,shipped,2024-06-18
883,45,435,5676510.0,completed,2023-10-17
884,1,305,29961164.0,completed,2024-03-27
885,44,431,49611683.0,completed,2023-01-08
886,31,93,43505980.0,completed,2023-04-18
887,17,268,30527882.0,returned,2023-01-25
888,33,244,25769070.0,completed,2024-04-06
889,10,439,8766933.0,pending,2023-10-17
890,21,293,47239744.0,completed,2023-10-15
891,17,261,3889585.0,returned,2024-09-25
892,32,205,33061536.0,returned,2023-12-25
893,46,168,27611567.0,cancelled,2023-04-22
894,15,6,33651555.0,shipped,2023-09-05
895,48,454,48077043.0,shipped,2023-10-03
896,39,344,40742072.0,completed,2023-11-19
897,7,55,3159073.0,returned,2023-06-16
898,41,456,33327945.0,shipped,2023-04-02
899,12,471,34193498.0,pending,2024-09-01
900,8,432,31164807.0,completed,2023-10-27
901,18,268,39236788.0,cancelled,2024-02-03
902,50,82,38086372.0,returned,2024-10-30
903,50,253,47529565.0,cancelled,2024-03-03
904,6,367,20730866.0,cancelled,2024-05-18
905,35,37,9938944.0,returned,2023-10-21
906,49,10,8014191.0,completed,2023-04-14
907,39,254,22757291.0,pending,2024-10-30
908,7,324,7035425.0,pending,2023-12-18
909,16,396,32219337.0,shipped,2023-03-27
910,28,74,21402573.0,pending,2023-07-28
911,13,487,5977581.0,completed,2024-10-28
912,6,133,10083107.0,returned,2024-04-17
913,18,31,35372748.0,completed,2024-03-01
914,4,147,39890480.0,pending,2024-04-04
915,22,303,29914748.0,returned,2024-06-27
916,16,199,19367504.0,cancelled,2024-10-16
917,41,7,43084576.0,completed,2023-08-13
918,37,440,42018723.0,shipped,2023-12-28
919,30,227,13485420.0,pending,2024-07-05
920,26,12,24694412.0,completed,2023-01-03
921,10,157,21181711.0,shipped,2023-12-15
922,3,390,5854830.0,pending,2024-10-19
923,24,116,24300918.0,cancelled,2023-10-07
924,35,371,6205264.0,returned,2024-04-05
925,11,204,6304245.0,cancelled,2023-09-19
926,50,285,38151376.0,completed,2024-05-02
927,1,432,35741959.0,shipped,2024-10-03
928,19,304,30779861.0,returned,2023-10-12
929,13,138,33280485.0,shipped,2024-07-27
930,20,464,38989113.0,returned,2023-05-04
931,22,205,46591855.0,cancelled,2024-07-03
932,45,232,15102338.0,shipped,2024-08-11
933,43,290,1539512.0,completed,2023-11-07
934,8,408,4979595.0,pending,2023-03-01
935,40,395,43211556.0,pending,2024-02-27
936,8,29,31548718.0,shipped,2024-11-05
937,22,371,41323134.0,pending,2023-05-03
938,7,147,22378711.0,returned,2024-05-27
939,1,254,28226840.0,returned,2023-11-09
940,29,386,47880209.0,pending,2024-02-03
941,12,47,25490824.0,completed,2024-11-10
942,13,173,31263699.0,returned,2024-11-18
943,13,46,17840804.0,pending,2023-12-11
944,38,108,35437004.0,returned,2023-08-26
945,38,306,16886982.0,completed,2023-12-31
946,33,45,34549407.0,completed,2023-08-01
947,40,352,49114926.0,completed,2024-10-12
948,19,277,47015637.0,cancelled,2023-06-18
949,33,372,36448509.0,shipped,2023-12-25
950,24,10,31481407.0,completed,2024-11-20
951,25,337,18219863.0,returned,2023-12-12
952,34,152,3369584.0,pending,2023-05-21
953,30,394,16444881.0,returned,2024-03-29
954,8,133,13001245.0,cancelled,2024-11-30
955,11,131,34000318.0,cancelled,2023-06-16
956,50,149,6311922.0,completed,2023-07-04
957,30,23,10473998.0,shipped,2023-10-22
958,41,24,24620379.0,cancelled,2023-07-08
959,28,455,46074305.0,pending,2024-11-21
960,15,486,30264459.0,pending,2023-09-11
961,8,421,37552366.0,returned,2023-04-18
962,19,89,11479930.0,pending,2024-08-21
963,27,53,32167060.0,returned,2024-12-12
964,50,62,43670049.0,shipped,2024-02-24
965,28,218,757115.0,completed,2023-09-05
966,33,389,43960808.0,pending,2023-08-07
967,30,362,34536125.0,pending,2024-09-23
968,47,88,31288636.0,cancelled,2023-12-21
969,17,357,25139136.0,shipped,2023-10-20
970,26,41,3237680.0,returned,2024-06-23
971,2,377,22714975.0,returned,2024-12-20
972,7,82,12890245.0,shipped,2023-02-09
973,30,315,17887666.0,shipped,2024-11-03
974,2,303,24384414.0,cancelled,2024-09-11
975,17,474,960947.0,completed,2023-08-13
976,41,234,34651270.0,completed,2024-01-24
977,4,191,47745956.0,cancelled,2023-09-14
978,14,342,20942516.0,completed,2024-05-17
979,33,111,43048181.0,pending,2024-08-24
980,30,335,9246592.0,pending,2024-04-21
981,22,271,14566389.0,shipped,2023-10-04
982,3,237,16211093.0,cancelled,2024-02-18
983,13,116,14575692.0,cancelled,2023-12-22
984,14,360,35539272.0,shipped,2024-05-25
985,23,272,43058095.0,completed,2024-10-16
986,49,231,5927673.0,shipped,2024-07-24
987,37,298,4556421.0,pending,2023-03-09
988,1,47,35976895.0,shipped,2023-02-07
989,4,337,27785203.0,completed,2023-11-02
990,31,211,40036970.0,cancelled,2024-01-26
991,7,314,39421165.0,cancelled,2024-05-22
992,44,459,31517621.0,completed,2023-10-11
993,44,24,27261932.0,returned,2024-03-11
994,32,190,8857477.0,cancelled,2024-05-18
995,10,473,18743576.0,cancelled,2024-03-27
996,36,147,6801812.0,completed,2024-10-01
997,10,372,15137704.0,cancelled,2024-06-05
998,34,13,6323471.0,pending,2023-12-29
999,10,382,38731657.0,shipped,2023-09-30
1000,15,324,16451145.0,cancelled,2024-09-25
1001,35,142,11570108.0,returned,2023-06-19
1002,5,352,17554487.0,returned,2023-09-10
1003,44,421,31483979.0,returned,2024-04-28
1004,47,338,40247323.0,shipped,2023-11-08
1005,26,226,40167094.0,shipped,2024-05-08
1006,23,158,5139467.0,cancelled,2023-06-01
1007,14,96,19905766.0,shipped,2024-03-14
1008,6,55,9799285.0,shipped,2024-10-03
1009,44,234,46967021.0,returned,2024-04-02
1010,37,358,48603204.0,returned,2023-08-20
1011,14,380,46393997.0,returned,2024-09-19
1012,12,121,16036802.0,shipped,2023-08-22
1013,21,288,16114663.0,returned,2024-03-21
1014,4,482,6102857.0,completed,2024-09-10
1015,48,392,14597329.0,shipped,2024-07-09
1016,40,125,45826981.0,pending,2024-02-18
1017,15,83,3154930.0,pending,2023-02-24
1018,22,258,44016411.0,shipped,2023-09-30
1019,35,4,23013975.0,shipped,2024-10-02
1020,12,96,44500669.0,returned,2023-01-02
1021,18,370,25596288.0,cancelled,2023-03-07
1022,33,452,13529400.0,completed,2023-06-03
1023,35,474,42548318.0,returned,2024-03-27
1024,29,494,18148865.0,completed,2024-08-16
1025,29,232,43058098.0,returned,2023-08-26
1026,40,221,6836525.0,pending,2023-02-07
1027,25,232,21983620.0,pending,2024-09-29
1028,17,152,42938658.0,pending,2024-10-29
1029,48,471,43543042.0,pending,2023-01-20
1030,50,282,36770175.0,returned,2023-10-12
1031,46,293,40835171.0,completed,2023-07-27
1032,9,112,24640264.0,completed,2023-07-16
1033,20,480,33793790.0,cancelled,2024-04-15
1034,40,311,34551028.0,pending,2024-07-21
1035,29,225,33261766.0,shipped,2023-09-07
1036,24,266,41553210.0,cancelled,2024-01-01
1037,44,482,37416976.0,shipped,2023-12-21
1038,37,409,48132528.0,shipped,2023-05-04
1039,21,263,16583071.0,shipped,2024-07-07
1040,23,247,711172.0,completed,2024-02-15
1041,35,294,15712981.0,pending,2023-04-19
1042,33,472,25955723.0,cancelled,2023-10-24
1043,49,469,25071008.0,pending,2023-07-13
1044,28,389,15417964.0,returned,2023-11-03
1045,10,427,47721664.0,pending,2023-02-26
1046,20,203,43945898.0,shipped,2024-12-09
1047,5,173,11578188.0,returned,2024-07-13
1048,5,492,39270845.0,pending,2024-03-30
1049,12,366,42350131.0,pending,2023-09-27
1050,11,298,21989522.0,completed,2024-09-29
1051,16,479,35630178.0,cancelled,2024-05-28
1052,33,449,13199102.0,shipped,2024-05-15
1053,23,82,29978238.0,cancelled,2024-05-25
1054,17,132,26055981.0,pending,2024-12-03
1055,32,455,48010751.0,completed,2024-01-31
1056,50,275,10450412.0,completed,2024-08-13
1057,7,162,25179384.0,returned,2023-05-18
1058,17,74,39960154.0,returned,2023-10-13
1059,8,125,46150214.0,cancelled,2023-06-18
1060,26,412,4216570.0,returned,2024-11-05
1061,46,43,37128187.0,returned,2023-03-12
1062,8,270,38307629.0,shipped,2023-05-04
1063,39,191,38145211.0,shipped,2023-11-06
1064,31,423,39751436.0,cancelled,2024-07-25
1065,15,179,16490880.0,pending,2024-11-19
1066,20,380,16232843.0,pending,2023-03-10
1067,49,11,38697775.0,cancelled,2023-11-03
1068,12,411,2728592.0,pending,2023-12-22
1069,13,373,766701.0,returned,2023-02-08
1070,4,342,10367749.0,shipped,2023-11-10
1071,9,391,26669674.0,cancelled,2023-03-05
1072,5,135,22730485.0,cancelled,2024-10-18
1073,6,32,26579610.0,shipped,2023-01-03
1074,45,378,5631106.0,shipped,2024-05-06
1075,26,70,1285268.0,shipped,2024-04-14
1076,5,80,15743278.0,cancelled,2023-12-15
1077,37,34,45774429.0,shipped,2023-10-22
1078,42,407,39784325.0,completed,2024-07-08
1079,9,183,47270462.0,shipped,2024-01-18
1080,9,108,13409346.0,cancelled,2024-10-12
1081,32,316,35439674.0,returned,2023-07-30
1082,38,448,44287172.0,shipped,2023-09-05
1083,4,36,26576238.0,pending,2024-05-19
1084,14,269,8790549.0,completed,2024-01-20
1085,23,203,41320277.0,shipped,2023-12-17
1086,5,412,26433116.0,pending,2024-06-18
1087,42,79,35342580.0,completed,2023-11-21
1088,42,374,46592531.0,shipped,2023-09-20
1089,37,397,32046765.0,cancelled,2024-08-06
1090,3,327,47100516.0,pending,2024-04-05
1091,37,9,10780901.0,pending,2024-11-12
1092,37,426,30462237.0,shipped,2023-08-19
1093,20,16,49529725.0,returned,2023-10-09
1094,45,68,19561081.0,cancelled,2024-07-13
1095,4,278,986608.0,returned,2023-09-11
1096,31,128,20502625.0,pending,2023-01-23
1097,2,359,31821197.0,pending,2024-01-03
1098,13,97,12414241.0,cancelled,2024-01-04
1099,33,499,9274519.0,shipped,2023-10-31
1100,28,459,33927131.0,shipped,2024-05-13
1101,18,240,17109651.0,cancelled,2024-08-04
1102,13,290,2979617.0,completed,2024-04-13
1103,17,57,40278167.0,shipped,2023-11-15
1104,21,22,10653635.0,pending,2024-05-19
1105,28,156,42971931.0,returned,2024-04-26
1106,21,430,30877363.0,returned,2024-10-07
1107,28,47,27210740.0,completed,2024-06-21
1108,14,190,888451.0,pending,2024-04-28
1109,44,131,32208480.0,shipped,2023-08-17
1110,43,200,44431561.0,shipped,2024-11-20
1111,24,467,32640507.0,cancelled,2023-03-02
1112,47,407,15703697.0,returned,2023-07-18
1113,10,79,33949988.0,cancelled,2023-02-26
1114,20,471,43464528.0,completed,2023-07-05
1115,41,393,2353233.0,returned,2023-12-23
1116,6,212,20075257.0,shipped,2024-09-26
1117,21,107,3504068.0,cancelled,2024-04-26
1118,42,427,49831248.0,cancelled,2024-04-21
1119,33,417,31192568.0,cancelled,2023-05-04
1120,1,344,38940548.0,shipped,2024-08-29
1121,33,25,32231648.0,returned,2023-09-18
1122,30,380,33109120.0,cancelled,2023-04-22
1123,39,470,27714422.0,shipped,2024-01-15
1124,1,63,18885813.0,returned,2023-12-31
1125,15,56,33895241.0,completed,2023-10-16
1126,40,115,29452607.0,shipped,2023-04-19
1127,26,436,10212478.0,completed,2024-04-22
1128,45,165,39035020.0,returned,2023-10-01
1129,37,192,37841344.0,shipped,2023-03-03
1130,6,494,4250787.0,returned,2024-04-02
1131,45,209,26480047.0,returned,2024-08-04
1132,48,491,12997496.0,returned,2024-04-03
1133,49,239,24810383.0,cancelled,2024-04-26
1134,21,200,40677185.0,cancelled,2024-06-08
1135,35,354,9483690.0,completed,2023-06-13
1136,21,39,30040666.0,completed,2023-06-17
1137,15,382,41419861.0,returned,2024-06-16
1138,7,447,47536420.0,cancelled,2023-12-02
1139,20,403,6511576.0,completed,2024-07-18
1140,2,10,27253668.0,pending,2023-06-18
1141,2,183,35287170.0,pending,2024-12-04
1142,8,303,10442093.0,returned,2023-08-02
1143,24,2,45574798.0,completed,2024-05-14
1144,32,494,43379664.0,returned,2023-12-29
1145,29,221,12693603.0,returned,2023-08-13
1146,5,292,31886802.0,pending,2023-08-27
1147,33,153,22881640.0,shipped,2023-08-18
1148,35,40,17392326.0,completed,2024-06-04
1149,47,228,49688754.0,completed,2024-02-18
1150,40,37,12123611.0,completed,2024-05-11
1151,2,341,701890.0,returned,2024-03-02
1152,16,305,18435238.0,returned,2024-01-15
1153,37,219,13020833.0,cancelled,2024-05-31
1154,20,25,4415428.0,shipped,2024-11-24
1155,35,149,49289607.0,shipped,2024-01-24
1156,25,300,7253352.0,shipped,2024-10-06
1157,39,61,13861703.0,shipped,2024-04-17
1158,48,26,17532107.0,shipped,2024-02-29
1159,4,48,46492294.0,completed,2024-01-26
1160,30,210,3075890.0,cancelled,2023-08-07
1161,42,141,42821908.0,cancelled,2023-05-16
1162,29,335,25046336.0,shipped,2024-05-08
1163,23,3,1246517.0,cancelled,2023-11-09
1164,38,212,45872579.0,pending,2023-03-05
1165,7,39,47150322.0,returned,2024-01-11
1166,4,236,22782738.0,pending,2023-03-23
1167,13,392,37804627.0,completed,2023-07-24
1168,16,108,18280824.0,shipped,2024-05-24
1169,28,295,22758834.0,shipped,2024-08-26
1170,25,84,44489223.0,pending,2024-04-29
1171,7,434,29419509.0,pending,2023-05-20
1172,30,324,33625900.0,returned,2024-07-28
1173,15,189,47896210.0,returned,2024-08-26
1174,20,115,23672984.0,completed,2023-08-22
1175,41,283,43774089.0,completed,2024-03-31
1176,5,338,39143166.0,completed,2023-01-07
1177,9,445,41287794.0,cancelled,2023-10-02
1178,29,138,1765295.0,shipped,2024-12-15
1179,38,384,33450625.0,cancelled,2024-11-02
1180,1,137,2543704.0,returned,2024-08-17
1181,40,484,49433263.0,returned,2024-12-18
1182,44,480,8652238.0,cancelled,2024-04-06
1183,46,480,14320921.0,cancelled,2023-12-17
1184,46,436,16421777.0,cancelled,2023-02-13
1185,44,97,39131177.0,shipped,2024-09-19
1186,23,155,32084670.0,cancelled,2024-03-08
1187,7,61,27469524.0,shipped,2024-11-21
1188,42,416,31849254.0,shipped,2024-06-07
1189,46,469,36449563.0,shipped,2024-10-10
1190,34,252,48569888.0,pending,2024-10-13
1191,45,171,42019689.0,shipped,2023-02-02
1192,36,393,47825781.0,cancelled,2024-03-04
1193,41,412,17141934.0,cancelled,2023-07-15
1194,47,461,41556763.0,shipped,2024-10-19
1195,35,184,45651790.0,cancelled,2023-07-10
1196,21,305,27105873.0,completed,2023-08-28
1197,17,232,44963398.0,pending,2024-04-11
1198,44,41,27517822.0,shipped,2024-01-16
1199,17,60,26912536.0,returned,2024-01-20
1200,44,298,28625655.0,pending,2024-02-13
1201,18,226,11754468.0,pending,2024-06-12
1202,36,301,25999004.0,pending,2024-07-22
1203,40,228,3117768.0,cancelled,2024-07-27
1204,10,57,40426941.0,returned,2024-05-03
1205,46,255,5771160.0,shipped,2024-04-21
1206,14,437,48644379.0,pending,2024-03-28
1207,23,148,4838037.0,returned,2024-02-26
1208,21,400,12504530.0,pending,2024-05-21
1209,8,131,10464669.0,cancelled,2023-05-08
1210,48,89,16688466.0,shipped,2024-04-03
1211,39,260,20359647.0,returned,2024-04-28
1212,2,250,34476582.0,returned,2023-05-06
1213,29,17,34597245.0,shipped,2023-06-09
1214,45,82,22854559.0,pending,2024-07-08
1215,30,309,5336293.0,cancelled,2023-09-27
1216,6,353,21336387.0,returned,2024-07-22
1217,7,85,46892909.0,pending,2023-11-09
1218,21,119,16094389.0,cancelled,2024-06-29
1219,42,250,43102290.0,returned,2023-12-19
1220,44,39,33727650.0,returned,2024-11-12
1221,24,314,16235819.0,returned,2024-08-30
1222,36,143,11138808.0,completed,2023-04-11
1223,46,70,38768054.0,cancelled,2023-09-24
1224,50,320,15768418.0,cancelled,2023-10-14
1225,19,373,8665762.0,shipped,2023-11-18
1226,35,500,47411847.0,shipped,2024-05-11
1227,1,461,12839233.0,pending,2023-06-13
1228,34,491,40106955.0,completed,2024-07-11
1229,12,30,44818555.0,completed,2024-07-17
1230,8,421,31532635.0,cancelled,2024-08-29
1231,25,328,36234373.0,cancelled,2023-05-05
1232,45,327,27497503.0,shipped,2024-08-27
1233,42,442,30279819.0,returned,2024-01-04
1234,15,142,14326293.0,cancelled,2024-09-30
1235,47,401,36020605.0,completed,2024-01-26
1236,12,342,9207768.0,pending,2024-07-31
1237,3,136,16538769.0,returned,2023-10-05
1238,35,445,30598100.0,cancelled,2024-01-10
1239,34,462,9526699.0,completed,2024-01-07
1240,44,62,25126987.0,completed,2024-10-22
1241,15,323,4578968.0,pending,2023-06-04
1242,17,211,49280109.0,pending,2023-05-14
1243,32,76,12321923.0,pending,2023-03-08
1244,12,8,18154361.0,returned,2023-10-13
1245,2,87,19397819.0,pending,2024-06-19
1246,16,274,21157459.0,pending,2023-11-19
1247,24,68,17036369.0,pending,2023-10-14
1248,24,65,30991224.0,completed,2024-07-18
1249,1,102,20762384.0,pending,2024-12-30
1250,15,400,31430078.0,cancelled,2024-02-06
1251,36,81,1764380.0,pending,2024-03-03
1252,5,219,3787737.0,shipped,2024-08-25
1253,35,328,16770842.0,returned,2024-06-11
1254,9,446,17199629.0,pending,2024-10-09
1255,23,450,12064186.0,shipped,2024-10-10
1256,7,232,42715921.0,returned,2024-07-26
1257,29,184,22950804.0,cancelled,2023-02-07
1258,21,335,4142501.0,shipped,2023-10-13
1259,49,324,8331126.0,cancelled,2023-05-04
1260,47,253,9549409.0,shipped,2023-09-28
1261,19,17,30784278.0,returned,2023-03-28
1262,17,429,4942123.0,returned,2023-04-27
1263,30,449,39583003.0,cancelled,2023-08-29
1264,27,157,23370494.0,completed,2024-02-10
1265,4,302,49303256.0,returned,2024-04-15
1266,27,307,46471219.0,shipped,2024-07-10
1267,47,179,32342253.0,returned,2023-10-17
1268,45,317,3550458.0,cancelled,2024-12-01
1269,12,238,9218471.0,shipped,2023-09-04
1270,30,195,38308075.0,pending,2023-03-03
1271,28,87,47153878.0,shipped,2024-05-17
1272,22,281,23310375.0,returned,2024-08-29
1273,28,488,44887053.0,pending,2023-04-02
1274,40,25,40890307.0,shipped,2024-02-18
1275,22,285,31781424.0,completed,2023-11-02
1276,37,283,43024333.0,cancelled,2024-05-16
1277,26,422,49350029.0,cancelled,2023-08-17
1278,37,139,38557190.0,shipped,2023-11-15
1279,6,433,33713506.0,completed,2023-10-14
1280,45,500,13540287.0,completed,2023-12-27
1281,31,69,457866.0,pending,2023-09-13
1282,6,111,10293277.0,completed,2024-08-27
1283,5,371,4084245.0,shipped,2023-12-30
1284,25,284,5770842.0,shipped,2023-07-09
1285,2,24,26859458.0,cancelled,2024-08-24
1286,35,60,23958673.0,returned,2024-02-01
1287,3,178,6102610.0,pending,2023-06-29
1288,10,59,4388852.0,shipped,2024-04-08
1289,21,103,33371110.0,cancelled,2023-03-29
1290,13,239,35652894.0,completed,2023-05-28
1291,20,477,38721492.0,cancelled,2023-09-30
1292,38,111,19033606.0,completed,2024-07-17
1293,23,354,7850503.0,cancelled,2024-02-14
1294,25,488,11811453.0,returned,2024-01-04
1295,40,46,24934696.0,returned,2024-02-05
1296,22,405,43294767.0,completed,2023-01-25
1297,32,149,10112471.0,shipped,2023-01-08
1298,38,269,18723339.0,pending,2024-07-04
1299,36,137,13650562.0,pending,2024-05-11
1300,37,240,701117.0,pending,2023-06-24
1301,27,202,23150164.0,pending,2023-08-23
1302,37,50,42102400.0,returned,2024-04-01
1303,33,261,27453393.0,returned,2024-09-12
1304,7,491,35041634.0,returned,2023-02-07
1305,26,5,40772019.0,pending,2024-04-01
1306,1,89,24325310.0,shipped,2023-06-23
1307,20,268,3308673.0,pending,2024-02-21
1308,20,4,22545555.0,shipped,2023-06-24
1309,14,280,25574413.0,returned,2023-02-27
1310,9,164,45975654.0,pending,2023-01-22
1311,18,273,22467427.0,pending,2023-06-14
1312,35,270,42168302.0,cancelled,2023-12-25
1313,27,129,35670674.0,shipped,2024-07-10
1314,33,401,26776470.0,completed,2024-05-05
1315,35,226,3722407.0,shipped,2024-08-26
1316,7,464,43425083.0,completed,2023-05-18
1317,43,246,30600967.0,returned,2023-05-27
1318,10,130,24759852.0,pending,2023-06-04
1319,4,370,8788294.0,shipped,2023-01-28
1320,15,458,9315239.0,pending,2024-11-14
1321,10,139,25364979.0,returned,2024-02-14
1322,43,495,5219275.0,pending,2024-03-02
1323,25,8,12705155.0,pending,2024-10-23
1324,45,303,23091887.0,shipped,2023-03-27
1325,23,47,33826680.0,completed,2023-07-29
1326,28,392,34954267.0,pending,2024-11-21
1327,40,109,13262936.0,completed,2023-01-06
1328,30,321,7435905.0,pending,2023-05-02
1329,42,456,28713681.0,cancelled,2024-06-07
1330,28,186,19026509.0,cancelled,2024-01-08
1331,26,286,21664454.0,completed,2024-12-15
1332,22,359,39102476.0,cancelled,2023-01-20
1333,38,366,8724944.0,returned,2024-05-30
1334,28,457,43401047.0,completed,2024-03-17
1335,45,287,36467569.0,shipped,2023-08-29
1336,43,119,36994211.0,completed,2024-08-10
1337,5,187,29650729.0,returned,2023-10-22
1338,10,392,44812611.0,pending,2023-08-24
1339,18,36,17506032.0,shipped,2024-01-25
1340,20,21,7012997.0,pending,2024-06-18
1341,25,82,45454897.0,returned,2023-07-29
1342,12,268,49278657.0,pending,2024-03-01
1343,48,91,29672487.0,shipped,2024-05-10
1344,6,104,49145205.0,returned,2023-12-07
1345,48,142,46877394.0,cancelled,2024-11-24
1346,26,94,42680919.0,shipped,2024-03-26
1347,20,448,20410563.0,returned,2023-11-13
1348,9,413,5367333.0,shipped,2024-06-01
1349,38,225,20304083.0,completed,2024-11-05
1350,3,481,45109868.0,returned,2024-12-08
1351,34,45,11438709.0,returned,2023-04-20
1352,27,103,40758366.0,cancelled,2023-09-22
1353,22,22,8951195.0,completed,2023-12-26
1354,8,455,10723805.0,completed,2023-04-19
1355,18,241,20273826.0,returned,2024-01-18
1356,33,430,41774587.0,cancelled,2024-07-10
1357,16,297,3680133.0,cancelled,2023-06-14
1358,3,412,5939480.0,returned,2023-11-15
1359,11,200,33615950.0,cancelled,2023-09-02
1360,26,325,48887736.0,cancelled,2024-10-05
1361,48,56,43424468.0,shipped,2023-10-22
1362,10,16,10595580.0,shipped,2024-05-01
1363,8,106,3274393.0,returned,2023-04-11
1364,25,315,31381639.0,completed,2023-03-12
1365,1,316,45498754.0,cancelled,2023-02-21
1366,39,104,46230812.0,shipped,2024-12-26
1367,21,359,42129169.0,completed,2024-01-22
1368,46,217,7576541.0,cancelled,2024-07-26
1369,26,405,9146701.0,completed,2024-05-04
1370,40,123,5932439.0,pending,2024-03-03
1371,31,206,37606218.0,completed,2023-03-21
1372,40,68,16199721.0,completed,2024-09-17
1373,6,454,9904266.0,cancelled,2023-02-04
1374,16,183,12745826.0,completed,2024-02-10
1375,32,229,1896133.0,pending,2023-12-16
1376,10,142,36785683.0,returned,2024-05-29
1377,48,299,11106991.0,pending,2024-01-31
1378,12,346,19407746.0,cancelled,2023-09-14
1379,42,374,34858151.0,pending,2024-01-06
1380,45,358,951081.0,shipped,2024-09-21
1381,23,114,40975819.0,completed,2024-11-16
1382,7,28,680180.0,completed,2024-07-10
1383,42,281,30652684.0,pending,2023-08-10
1384,29,76,26273161.0,pending,2024-02-13
1385,29,119,16633131.0,returned,2023-03-18
1386,47,318,24462865.0,cancelled,2023-03-04
1387,6,228,4433472.0,completed,2024-11-29
1388,10,309,37036064.0,cancelled,2023-01-25
1389,46,495,19782360.0,cancelled,2024-04-11
1390,22,139,27119422.0,returned,2024-09-23
1391,38,87,49038457.0,cancelled,2024-05-24
1392,13,332,40080640.0,completed,2024-12-05
1393,23,423,47897886.0,completed,2023-03-26
1394,46,186,25871722.0,returned,2023-11-09
1395,45,407,18911087.0,completed,2023-08-01
1396,26,261,40083536.0,completed,2024-12-21
1397,12,343,8615544.0,completed,2023-04-21
1398,2,440,44842957.0,shipped,2024-09-08
1399,38,284,11943513.0,returned,2024-01-29
1400,29,471,27013088.0,pending,2024-05-01
1401,22,244,4951862.0,completed,2024-01-11
1402,31,201,19346040.0,pending,2023-06-22
1403,6,50,9352466.0,shipped,2024-09-16
1404,23,437,25532494.0,shipped,2023-01-14
1405,24,497,5525846.0,cancelled,2023-07-16
1406,19,262,28009794.0,shipped,2023-05-18
1407,35,64,12114751.0,returned,2024-07-19
1408,35,196,47640944.0,returned,2024-11-18
1409,19,484,9441787.0,cancelled,2023-05-26
1410,34,371,46286580.0,returned,2024-11-01
1411,49,41,34883378.0,returned,2023-05-25
1412,39,144,8411401.0,shipped,2024-04-10
1413,26,156,6250737.0,cancelled,2023-12-12
1414,3,105,18503017.0,shipped,2023-12-17
1415,9,88,26254665.0,cancelled,2024-06-22
1416,29,45,4275545.0,shipped,2024-11-05
1417,33,483,1550559.0,pending,2023-11-19
1418,38,326,23730943.0,shipped,2023-08-10
1419,42,284,7606555.0,completed,2023-10-12
1420,42,357,48855795.0,completed,2023-11-30
1421,39,483,13481349.0,cancelled,2023-02-17
1422,50,122,2606744.0,cancelled,2023-01-13
1423,12,279,42761043.0,completed,2024-05-08
1424,7,405,42325051.0,pending,2024-09-28
1425,9,118,16430517.0,pending,2024-09-14
1426,26,83,8587476.0,shipped,2024-08-07
1427,11,421,31230683.0,shipped,2024-06-03
1428,35,402,22075532.0,pending,2024-03-19
1429,48,184,36182965.0,shipped,2024-05-05
1430,13,56,10565815.0,completed,2023-08-01
1431,22,192,8037718.0,shipped,2023-09-12
1432,37,135,17186179.0,shipped,2024-05-12
1433,47,348,3912612.0,completed,2024-07-13
1434,18,4,32602694.0,returned,2023-10-23
1435,3,158,30741616.0,cancelled,2024-06-18
1436,4,126,48710260.0,shipped,2024-01-22
1437,46,111,8552878.0,returned,2024-03-03
1438,18,62,12015073.0,returned,2023-10-25
1439,41,17,19049987.0,pending,2024-12-06
1440,16,72,19700901.0,cancelled,2024-02-03
1441,49,461,45415827.0,returned,2023-06-06
1442,37,436,28789271.0,cancelled,2024-01-18
1443,32,497,42127917.0,returned,2023-02-23
1444,14,130,1852215.0,shipped,2023-10-03
1445,25,392,43574320.0,shipped,2023-08-29
1446,40,25,35080987.0,returned,2024-05-02
1447,46,395,24056996.0,returned,2023-04-28
1448,23,112,8304307.0,shipped,2023-09-28
1449,8,242,49202604.0,returned,2023-04-29
1450,49,327,11106785.0,cancelled,2023-11-25
1451,16,170,6685513.0,returned,2023-01-08
1452,11,310,12584462.0,completed,2023-02-16
1453,48,495,30862869.0,cancelled,2024-12-15
1454,1,465,7392251.0,completed,2023-11-25
1455,19,428,19629755.0,shipped,2023-05-17
1456,16,496,33978418.0,pending,2023-03-28
1457,31,62,21231000.0,pending,2023-07-13
1458,34,276,8416210.0,shipped,2023-11-09
1459,28,108,32818216.0,completed,2024-07-11
1460,43,18,25030615.0,pending,2024-10-06
1461,32,324,29660610.0,returned,2023-07-21
1462,15,452,26598406.0,returned,2023-01-22
1463,1,176,22653927.0,pending,2024-10-25
1464,45,391,20390807.0,completed,2024-05-21
1465,2,151,6409567.0,cancelled,2024-01-28
1466,19,15,42148837.0,completed,2024-12-24
1467,27,316,27120343.0,pending,2024-06-03
1468,47,279,481482.0,shipped,2024-01-27
1469,14,68,48922625.0,returned,2024-01-15
1470,34,70,39168951.0,pending,2024-04-16
1471,26,204,27727710.0,shipped,2023-09-04
1472,25,277,5221423.0,cancelled,2024-03-19
1473,15,203,12430943.0,shipped,2024-09-05
1474,26,377,8899827.0,pending,2024-06-04
1475,4,481,46165545.0,completed,2024-08-27
1476,20,263,12417758.0,shipped,2023-08-19
1477,41,474,25141594.0,pending,2024-02-23
1478,35,346,44011447.0,returned,2023-01-12
1479,36,351,44887223.0,cancelled,2024-01-19
1480,22,229,3703017.0,cancelled,2024-04-01
1481,16,182,43061257.0,shipped,2024-01-04
1482,46,230,42547249.0,returned,2024-01-18
1483,35,266,6414205.0,shipped,2024-02-02
1484,49,339,22816401.0,shipped,2023-08-16
1485,24,410,37323897.0,returned,2023-05-04
1486,3,495,13091022.0,pending,2024-06-01
1487,7,272,16440536.0,pending,2024-01-04
1488,14,96,41208406.0,completed,2024-08-02
1489,1,495,28169492.0,shipped,2024-08-07
1490,23,323,11526173.0,returned,2024-06-19
1491,7,428,11933443.0,completed,2024-07-14
1492,16,413,7971286.0,returned,2023-05-21
1493,8,83,36097382.0,pending,2024-03-15
1494,41,280,40838033.0,cancelled,2023-10-25
1495,41,252,42744271.0,cancelled,2023-04-08
1496,48,252,45922398.0,completed,2023-08-31
1497,13,388,14405603.0,returned,2023-08-22
1498,4,146,15401493.0,shipped,2024-10-13
1499,50,348,30191794.0,completed,2023-01-10
1500,18,415,31973847.0,shipped,2024-04-13
1501,7,153,36892050.0,cancelled,2024-09-18
1502,12,73,29412948.0,returned,2023-04-30
1503,27,302,16618931.0,pending,2024-12-25
1504,48,392,28701483.0,returned,2024-10-14
1505,25,28,46238193.0,pending,2024-04-25
1506,39,439,9553248.0,returned,2024-01-13
1507,2,487,26893277.0,pending,2024-10-11
1508,14,354,399768.0,returned,2024-09-20
1509,8,269,18031746.0,pending,2023-03-15
1510,48,136,28718585.0,returned,2024-05-20
1511,32,499,47290490.0,pending,2024-12-02
1512,18,383,11251455.0,completed,2024-09-10
1513,34,404,12559408.0,completed,2024-10-09
1514,5,261,28874263.0,shipped,2023-10-24
1515,18,264,15840505.0,returned,2024-08-23
1516,1,94,39424465.0,pending,2023-11-17
1517,13,123,6309259.0,cancelled,2023-12-02
1518,14,166,28253352.0,cancelled,2023-05-08
1519,48,472,13355783.0,cancelled,2023-10-27
1520,39,301,41426590.0,completed,2024-06-25
1521,3,10,40308186.0,cancelled,2024-10-08
1522,1,347,47868355.0,cancelled,2023-11-26
1523,18,294,39143840.0,cancelled,2023-12-26
1524,12,335,17689282.0,completed,2024-10-20
1525,21,443,34599717.0,cancelled,2023-03-20
1526,39,25,19965300.0,shipped,2024-04-01
1527,37,159,28378966.0,returned,2023-02-08
1528,4,437,49675853.0,shipped,2024-01-16
1529,16,68,16759535.0,pending,2023-04-16
1530,44,446,3055735.0,shipped,2023-11-26
1531,1,80,44622228.0,cancelled,2023-10-03
1532,35,337,13280682.0,pending,2023-11-04
1533,37,418,49926200.0,returned,2023-11-07
1534,11,50,25497707.0,cancelled,2024-11-07
1535,45,147,15299986.0,pending,2024-07-06
1536,45,174,29283861.0,cancelled,2023-07-14
1537,3,473,10255960.0,completed,2023-01-07
1538,5,472,48695075.0,shipped,2024-10-31
1539,43,89,38719059.0,shipped,2024-11-18
1540,9,193,34392184.0,shipped,2024-11-08
1541,43,17,23146410.0,returned,2024-11-23
1542,45,20,30976331.0,pending,2024-04-12
1543,41,81,33154428.0,cancelled,2024-11-01
1544,11,354,40465049.0,cancelled,2023-04-21
1545,9,301,40362684.0,pending,2023-07-24
1546,43,338,48227602.0,cancelled,2023-07-24
1547,30,450,28589461.0,shipped,2024-12-02
1548,9,202,28279158.0,returned,2024-11-25
1549,25,295,21134327.0,completed,2024-12-18
1550,19,328,47874067.0,shipped,2024-01-22
1551,42,156,44172955.0,cancelled,2024-08-11
1552,19,341,45096693.0,shipped,2024-12-29
1553,19,332,31085495.0,completed,2023-07-03
1554,30,206,42229229.0,shipped,2024-07-26
1555,24,394,43175276.0,returned,2023-07-03
1556,20,157,31652017.0,shipped,2024-03-04
1557,42,241,48810208.0,cancelled,2024-12-02
1558,9,50,33026925.0,shipped,2023-12-23
1559,46,258,17425602.0,returned,2023-05-12
1560,48,17,3279150.0,shipped,2023-08-23
1561,48,120,41419878.0,returned,2023-05-21
1562,35,352,21571700.0,pending,2024-10-14
1563,34,19,21040780.0,pending,2023-06-10
1564,37,201,4747124.0,completed,2023-05-12
1565,32,489,30358298.0,shipped,2024-11-23
1566,49,443,36520213.0,cancelled,2023-12-13
1567,28,190,23780786.0,pending,2023-08-02
1568,19,95,20877141.0,returned,2024-03-03
1569,9,248,1542858.0,shipped,2024-08-13
1570,11,165,25385560.0,pending,2024-06-22
1571,34,282,32606032.0,completed,2023-04-10
1572,25,52,34821181.0,cancelled,2023-09-27
1573,20,298,48561545.0,cancelled,2024-05-23
1574,21,333,33141549.0,pending,2024-06-02
1575,6,50,3513533.0,completed,2024-01-25
1576,21,381,16554144.0,shipped,2023-03-31
1577,14,302,43762740.0,returned,2023-10-30
1578,33,328,47397293.0,completed,2023-06-17
1579,24,402,7537867.0,completed,2023-12-25
1580,17,298,13211191.0,completed,2024-10-09
1581,41,365,3673279.0,returned,2023-04-05
1582,27,329,49619070.0,completed,2024-06-28
1583,26,388,11014531.0,returned,2024-07-31
1584,27,258,29434998.0,cancelled,2024-04-03
1585,44,474,29948512.0,cancelled,2024-07-22
1586,26,160,7053480.0,cancelled,2023-03-31
1587,10,233,14872572.0,returned,2023-05-25
1588,27,430,31115297.0,shipped,2023-04-28
1589,2,424,30410484.0,shipped,2024-12-03
1590,7,370,11374936.0,pending,2023-02-08
1591,37,479,28488449.0,returned,2023-07-01
1592,35,311,8724937.0,cancelled,2023-01-21
1593,39,311,14563813.0,pending,2024-09-18
1594,34,457,43494427.0,cancelled,2024-06-07
1595,29,330,47791321.0,cancelled,2024-03-11
1596,22,438,7371647.0,shipped,2023-03-07
1597,22,95,40551373.0,completed,2024-07-17
1598,32,167,7987625.0,shipped,2023-12-20
1599,35,125,36634572.0,shipped,2024-12-18
1600,28,76,38238648.0,cancelled,2023-05-19
1601,14,169,1724255.0,pending,2023-09-27
1602,26,147,32162117.0,completed,2023-10-02
1603,11,479,6740722.0,completed,2024-07-01
1604,36,104,44364545.0,cancelled,2023-04-14
1605,21,113,41293551.0,cancelled,2024-08-02
1606,29,418,39811633.0,completed,2023-04-11
1607,10,13,49928229.0,returned,2023-06-03
1608,14,472,23574770.0,completed,2024-02-06
1609,48,337,45080980.0,returned,2023-11-07
1610,49,204,7898345.0,shipped,2023-09-04
1611,38,11,35441106.0,pending,2023-12-06
1612,36,162,21689473.0,pending,2023-09-23
1613,7,42,29698614.0,pending,2023-07-02
1614,26,4,29654025.0,completed,2023-04-09
1615,23,286,20434305.0,cancelled,2023-02-12
1616,2,263,16423015.0,completed,2023-11-25
1617,14,86,28846131.0,returned,2024-03-24
1618,11,56,14794825.0,completed,2024-10-12
1619,33,301,49719074.0,pending,2023-08-09
1620,46,439,22297574.0,completed,2023-07-29
1621,49,87,24506581.0,returned,2023-06-22
1622,37,30,24784306.0,completed,2023-03-07
1623,34,96,28531117.0,completed,2023-04-24
1624,34,414,36807225.0,cancelled,2024-02-17
1625,2,310,16363929.0,cancelled,2023-08-05
1626,2,187,36605512.0,pending,2024-09-29
1627,38,475,27105601.0,cancelled,2023-06-26
1628,1,205,42817351.0,pending,2024-04-30
1629,31,160,16444691.0,shipped,2024-06-27
1630,8,187,40830838.0,pending,2023-03-11
1631,32,164,20121082.0,shipped,2023-02-23
1632,13,21,17747831.0,returned,2023-04-18
1633,45,101,48711059.0,returned,2023-10-24
1634,38,237,49796557.0,returned,2024-06-29
1635,24,266,29840764.0,returned,2024-09-22
1636,33,444,1351799.0,returned,2023-04-19
1637,26,58,7282802.0,completed,2023-10-17
1638,24,197,40407343.0,shipped,2023-05-21
1639,25,394,42990645.0,cancelled,2024-01-14
1640,47,164,25448753.0,shipped,2023-12-13
1641,46,477,15487165.0,pending,2024-07-26
1642,32,152,36538543.0,cancelled,2024-06-03
1643,12,133,13364189.0,pending,2024-02-21
1644,3,356,3052384.0,completed,2023-09-10
1645,29,121,1509475.0,returned,2023-03-15
1646,16,182,10165667.0,completed,2023-08-01
1647,7,132,43495048.0,shipped,2023-06-20
1648,41,264,44802307.0,cancelled,2024-03-22
1649,14,295,41868426.0,pending,2024-02-16
1650,22,328,18734945.0,completed,2023-02-01
1651,36,371,49850548.0,shipped,2023-02-05
1652,17,12,8985942.0,pending,2023-04-08
1653,41,281,20991715.0,returned,2024-01-25
1654,44,130,32217805.0,pending,2024-06-02
1655,32,91,20675275.0,returned,2024-04-05
1656,38,365,2484635.0,completed,2023-10-23
1657,20,297,35133163.0,pending,2024-10-24
1658,8,37,41635396.0,completed,2023-08-02
1659,50,126,14467361.0,returned,2024-10-25
1660,19,489,39425915.0,shipped,2024-04-13
1661,26,76,46975091.0,shipped,2023-07-06
1662,18,66,8715368.0,completed,2024-03-04
1663,43,429,36327609.0,cancelled,2024-06-30
1664,3,167,42658535.0,returned,2024-01-22
1665,1,12,32539943.0,shipped,2023-04-29
1666,25,12,28039140.0,returned,2023-10-13
1667,48,18,16649540.0,completed,2023-12-25
1668,12,396,37857908.0,pending,2024-11-09
1669,13,184,45590188.0,pending,2024-02-18
1670,26,437,31820283.0,shipped,2023-05-21
1671,30,13,39043137.0,returned,2023-07-07
1672,29,176,15373448.0,cancelled,2024-01-01
1673,9,363,21766189.0,returned,2023-08-10
1674,36,397,45069649.0,returned,2023-11-04
1675,16,97,39698088.0,cancelled,2023-06-28
1676,1,35,12569154.0,pending,2024-07-18
1677,31,213,36025945.0,cancelled,2024-02-03
1678,41,279,25526754.0,cancelled,2024-08-09
1679,26,492,19073331.0,returned,2023-07-06
1680,10,406,15007125.0,completed,2024-01-03
1681,10,97,3922007.0,shipped,2024-07-08
1682,32,32,14252877.0,cancelled,2024-01-24
1683,9,424,21093704.0,completed,2024-10-21
1684,32,63,30777018.0,returned,2024-07-22
1685,18,170,44788690.0,cancelled,2024-05-08
1686,4,473,16748451.0,completed,2024-01-04
1687,27,319,22498468.0,pending,2023-06-02
1688,5,102,48957570.0,completed,2024-02-07
1689,24,34,4298553.0,returned,2024-02-10
1690,12,321,19930830.0,shipped,2024-06-16
1691,10,283,18063006.0,cancelled,2024-01-03
1692,48,52,41781910.0,returned,2024-01-13
1693,17,284,35158939.0,returned,2023-03-26
1694,3,323,3738457.0,cancelled,2023-02-15
1695,21,353,10343690.0,shipped,2023-10-15
1696,24,497,38339588.0,returned,2024-09-03
1697,32,56,34008521.0,cancelled,2023-09-22
1698,28,182,24650876.0,returned,2023-10-11
1699,37,106,39398430.0,completed,2023-04-03
1700,37,212,41215864.0,cancelled,2024-02-04
1701,48,209,22131939.0,cancelled,2023-02-05
1702,9,438,1466239.0,completed,2024-08-02
1703,33,232,25679392.0,pending,2024-08-20
1704,2,398,6753471.0,returned,2024-08-21
1705,7,130,15219938.0,shipped,2023-11-05
1706,44,60,18729594.0,pending,2023-02-22
1707,2,131,35982903.0,shipped,2023-07-03
1708,42,280,14367504.0,returned,2024-05-12
1709,24,441,39076215.0,shipped,2024-08-18
1710,16,452,37744103.0,returned,2024-03-02
1711,28,272,382138.0,shipped,2024-07-31
1712,43,310,46700241.0,cancelled,2023-03-24
1713,33,242,38953650.0,shipped,2023-07-23
1714,49,404,27585700.0,returned,2023-12-03
1715,18,395,47621677.0,cancelled,2023-07-02
1716,49,28,5804354.0,completed,2024-03-29
1717,20,382,34918323.0,returned,2023-02-15
1718,15,309,23334745.0,completed,2024-05-11
1719,6,348,40683386.0,completed,2024-05-04
1720,3,233,10296727.0,cancelled,2023-03-14
1721,37,298,17659534.0,returned,2023-10-09
1722,18,345,39576849.0,pending,2023-02-09
1723,18,86,6252186.0,completed,2023-11-12
1724,39,267,20526129.0,completed,2023-02-01
1725,10,137,41217239.0,cancelled,2024-11-25
1726,10,190,33668484.0,cancelled,2023-05-17
1727,13,377,39193257.0,shipped,2024-10-15
1728,47,344,8721071.0,cancelled,2023-08-01
1729,17,483,42060973.0,returned,2023-02-25
1730,40,130,26058551.0,cancelled,2024-06-14
1731,12,423,26989402.0,shipped,2023-05-13
1732,35,91,16939360.0,completed,2024-09-28
1733,38,275,3614569.0,completed,2023-06-06
1734,26,421,39994321.0,returned,2024-07-25
1735,40,100,36662868.0,shipped,2024-03-28
1736,43,232,2027234.0,cancelled,2024-11-24
1737,37,79,9500228.0,shipped,2024-01-28
1738,13,237,6386055.0,shipped,2023-02-28
1739,4,165,37660515.0,pending,2023-04-14
1740,46,82,11203624.0,completed,2023-01-09
1741,45,355,4125556.0,returned,2023-05-11
1742,27,95,47555505.0,cancelled,2023-10-21
1743,41,164,47596435.0,returned,2023-02-08
1744,21,5,47075941.0,completed,2024-11-14
1745,37,320,13503575.0,pending,2024-10-02
1746,50,260,20852201.0,shipped,2024-02-22
1747,36,378,10419135.0,cancelled,2024-12-30
1748,2,295,8241470.0,returned,2024-05-08
1749,15,440,27941824.0,returned,2023-06-05
1750,28,343,16376949.0,cancelled,2023-05-11
1751,28,445,41763845.0,returned,2023-03-30
1752,5,496,12292377.0,cancelled,2023-11-13
1753,50,444,9095526.0,completed,2023-02-18
1754,19,95,35834602.0,pending,2024-10-22
1755,22,338,12737442.0,returned,2024-06-14
1756,9,405,47885170.0,pending,2024-02-21
1757,40,275,7859447.0,shipped,2023-08-29
1758,42,143,32382361.0,returned,2023-03-26
1759,46,192,43439578.0,shipped,2023-06-23
1760,6,190,18133502.0,shipped,2023-07-09
1761,20,468,3491438.0,returned,2023-01-05
1762,12,392,5139937.0,completed,2023-04-15
1763,4,298,6961799.0,returned,2023-08-06
1764,6,169,46383826.0,pending,2023-07-11
1765,50,67,42978771.0,pending,2024-01-13
1766,2,337,30849787.0,pending,2023-06-19
1767,27,400,18694718.0,pending,2024-01-30
1768,25,3,28402076.0,shipped,2024-08-20
1769,16,128,43738540.0,pending,2023-10-08
1770,8,364,31766025.0,completed,2024-12-23
1771,29,400,45685375.0,pending,2023-08-29
1772,28,215,48501366.0,returned,2023-11-11
1773,21,403,12398837.0,cancelled,2023-07-04
1774,9,350,2661148.0,shipped,2023-11-07
1775,5,242,39992573.0,completed,2024-05-09
1776,21,299,20644011.0,pending,2024-09-01
1777,49,478,48477678.0,completed,2023-01-06
1778,15,256,41975200.0,pending,2024-09-01
1779,7,343,41449568.0,cancelled,2024-07-05
1780,12,456,29214649.0,cancelled,2023-12-30
1781,25,109,41835972.0,returned,2023-03-12
1782,17,397,45419526.0,cancelled,2024-01-09
1783,26,190,19988228.0,pending,2024-03-03
1784,28,55,41133029.0,shipped,2023-09-19
1785,23,47,22698257.0,pending,2023-10-24
1786,10,115,42557227.0,shipped,2024-09-20
1787,44,308,38711570.0,pending,2024-07-06
1788,10,82,18014962.0,completed,2024-04-25
1789,20,96,1573938.0,cancelled,2023-01-20
1790,30,70,9667844.0,returned,2023-08-29
1791,45,474,25251338.0,pending,2023-09-16
1792,41,495,38710203.0,shipped,2024-04-27
1793,10,451,45620236.0,shipped,2024-11-25
1794,31,69,46529613.0,returned,2024-01-15
1795,15,274,10995471.0,cancelled,2023-02-27
1796,3,223,7951700.0,cancelled,2024-04-26
1797,45,326,49963551.0,completed,2024-12-05
1798,12,404,36223891.0,pending,2023-11-12
1799,21,476,8086040.0,pending,2024-11-14
1800,30,113,17463379.0,cancelled,2023-12-28
1801,16,20,10791573.0,returned,2023-12-15
1802,11,258,45005423.0,cancelled,2023-05-16
1803,50,48,39059350.0,shipped,2024-05-06
1804,19,136,49942840.0,cancelled,2023-03-01
1805,24,24,49809966.0,pending,2023-05-11
1806,10,345,33852284.0,returned,2023-12-05
1807,3,199,27450952.0,pending,2024-09-20
1808,1,350,48017844.0,shipped,2024-09-29
1809,14,409,33667457.0,pending,2023-04-26
1810,24,307,48943485.0,shipped,2024-10-01
1811,17,354,37058459.0,pending,2024-07-12
1812,20,366,10708016.0,cancelled,2023-11-23
1813,48,453,10578943.0,pending,2023-10-14
1814,17,447,2616110.0,cancelled,2024-01-03
1815,49,215,4954967.0,completed,2024-06-24
1816,16,203,3830924.0,pending,2023-11-27
1817,31,46,3738432.0,cancelled,2023-09-16
1818,38,327,28946722.0,pending,2023-08-15
1819,3,112,36361928.0,returned,2024-11-14
1820,17,239,31853165.0,shipped,2023-01-03
1821,4,116,34771271.0,pending,2024-02-04
1822,10,45,35048943.0,cancelled,2024-10-14
1823,42,118,1090572.0,pending,2024-03-17
1824,39,146,16857658.0,cancelled,2023-06-14
1825,44,447,49120485.0,cancelled,2023-10-14
1826,49,263,45093088.0,returned,2023-10-21
1827,42,474,43896012.0,completed,2023-07-07
1828,23,248,35061115.0,cancelled,2023-03-02
1829,16,413,11340918.0,returned,2023-04-04
1830,18,169,24865260.0,returned,2024-11-13
1831,9,65,24648097.0,pending,2024-10-10
1832,13,198,21364093.0,shipped,2024-07-13
1833,13,162,15733763.0,returned,2024-08-04
1834,8,240,6930381.0,completed,2024-10-16
1835,4,23,2118885.0,shipped,2024-11-03
1836,21,101,7223540.0,cancelled,2023-07-12
1837,39,19,1686972.0,shipped,2024-01-05
1838,11,409,3446601.0,pending,2024-09-14
1839,50,342,14659357.0,returned,2023-04-10
1840,1,249,36508770.0,returned,2023-01-03
1841,12,142,37240991.0,shipped,2024-08-19
1842,12,317,42268034.0,cancelled,2023-03-19
1843,13,69,18017748.0,shipped,2024-08-10
1844,32,391,8286564.0,pending,2023-06-09
1845,37,231,38995843.0,returned,2023-05-12
1846,50,1,23932627.0,pending,2023-02-19
1847,42,371,29724296.0,shipped,2023-12-29
1848,5,365,18549610.0,pending,2024-04-04
1849,40,86,27760480.0,shipped,2023-01-11
1850,36,448,38613135.0,completed,2023-07-24
1851,30,181,32057523.0,shipped,2023-11-09
1852,30,116,9426523.0,returned,2023-12-21
1853,14,407,3717851.0,completed,2024-04-12
1854,24,262,42298860.0,completed,2023-11-10
1855,17,75,10969685.0,cancelled,2023-12-31
1856,7,406,26323383.0,returned,2023-05-12
1857,28,60,46833042.0,shipped,2024-01-04
1858,39,261,12078276.0,shipped,2023-04-13
1859,31,310,46170653.0,pending,2024-06-18
1860,9,491,12452562.0,completed,2024-07-18
1861,6,220,40139996.0,cancelled,2024-03-03
1862,17,371,14525126.0,cancelled,2024-01-02
1863,32,483,14649565.0,returned,2023-10-09
1864,22,355,9113827.0,shipped,2023-10-31
1865,29,195,31040519.0,completed,2024-04-07
1866,12,67,37060761.0,cancelled,2024-11-17
1867,25,94,43018618.0,returned,2024-03-24
1868,28,309,35677919.0,cancelled,2024-10-01
1869,3,461,35444490.0,returned,2023-07-14
1870,35,489,22058134.0,returned,2024-05-27
1871,4,198,19418241.0,pending,2023-06-08
1872,7,48,40462218.0,shipped,2024-12-12
1873,39,266,31752899.0,pending,2023-08-17
1874,13,315,22381771.0,returned,2023-07-30
1875,4,459,20711062.0,completed,2023-02-04
1876,13,227,19768984.0,shipped,2024-10-11
1877,43,409,9762621.0,returned,2023-11-16
1878,47,464,9071203.0,returned,2023-05-22
1879,19,222,7836382.0,completed,2024-07-04
1880,20,25,7157630.0,pending,2024-12-08
1881,15,250,15255946.0,shipped,2024-02-19
1882,11,192,481653.0,shipped,2024-05-08
1883,17,461,28310769.0,returned,2023-10-05
1884,25,110,35328121.0,shipped,2023-04-13
1885,41,456,41538869.0,cancelled,2024-08-10
1886,3,460,1789639.0,completed,2024-10-14
1887,34,181,21521009.0,completed,2024-06-30
1888,24,274,16721680.0,shipped,2023-04-10
1889,8,116,49740600.0,cancelled,2023-01-18
1890,49,69,439979.0,returned,2023-02-15
1891,9,367,32822282.0,shipped,2024-08-01
1892,33,159,23508373.0,shipped,2024-09-20
1893,32,459,18388439.0,completed,2023-08-25
1894,8,45,10652416.0,cancelled,2024-11-05
1895,6,164,9385298.0,completed,2024-06-27
1896,15,481,3821472.0,cancelled,2024-05-25
1897,31,93,31780380.0,cancelled,2024-10-09
1898,28,128,44201963.0,pending,2023-12-05
1899,31,151,30078124.0,shipped,2023-01-06
1900,27,374,25045733.0,cancelled,2023-05-31
1901,26,151,23771593.0,shipped,2024-05-28
1902,40,486,6360846.0,completed,2023-11-30
1903,3,312,13398916.0,cancelled,2023-03-22
1904,29,306,16327729.0,pending,2024-07-30
1905,36,309,4638741.0,cancelled,2024-07-17
1906,1,104,32662726.0,shipped,2023-01-02
1907,6,346,13361000.0,cancelled,2024-12-21
1908,45,97,16329146.0,pending,2023-04-07
1909,44,147,44199154.0,returned,2024-04-15
1910,10,486,23226153.0,shipped,2024-12-30
1911,50,414,45350076.0,completed,2023-09-30
1912,35,194,12618958.0,completed,2023-01-28
1913,44,126,43113340.0,shipped,2024-10-15
1914,37,27,21060561.0,completed,2024-06-30
1915,41,442,39629236.0,pending,2023-05-30
1916,34,43,38775959.0,returned,2023-09-09
1917,31,259,25779726.0,returned,2023-11-18
1918,9,190,14662205.0,cancelled,2023-02-08
1919,22,163,32442658.0,returned,2023-05-17
1920,50,426,44315980.0,completed,2024-12-25
1921,17,433,31492017.0,returned,2024-11-24
1922,42,206,24113994.0,cancelled,2024-05-14
1923,39,101,17512087.0,returned,2023-07-31
1924,30,154,25340595.0,shipped,2024-08-21
1925,30,171,46654719.0,shipped,2024-02-05
1926,10,78,3202180.0,cancelled,2023-08-15
1927,46,168,10750102.0,returned,2024-02-12
1928,45,169,20497078.0,completed,2023-11-06
1929,45,494,44728577.0,returned,2024-02-14
1930,32,121,21772798.0,cancelled,2023-09-13
1931,39,474,6226886.0,cancelled,2023-02-12
1932,40,369,23821247.0,pending,2023-10-07
1933,27,281,30363194.0,cancelled,2023-02-20
1934,50,467,18709736.0,completed,2023-10-06
1935,29,375,42938933.0,returned,2023-08-11
1936,33,217,5794132.0,shipped,2024-07-11
1937,29,97,32176431.0,pending,2023-09-12
1938,25,154,3882479.0,returned,2023-11-04
1939,24,405,42213005.0,pending,2024-03-28
1940,14,467,47756089.0,completed,2024-05-08
1941,13,255,2612013.0,shipped,2023-08-14
1942,20,174,15460211.0,pending,2023-01-01
1943,48,430,11988130.0,cancelled,2023-06-19
1944,1,331,46488665.0,pending,2024-10-10
1945,32,168,17003582.0,cancelled,2023-06-29
1946,8,35,10950036.0,shipped,2023-03-15
1947,14,276,4369854.0,completed,2024-08-21
1948,3,23,27279232.0,cancelled,2024-08-28
1949,32,435,14512820.0,returned,2023-07-08
1950,42,190,30256969.0,pending,2024-09-06
1951,32,317,49476615.0,completed,2024-01-30
1952,19,404,7957330.0,completed,2024-02-15
1953,33,20,9927132.0,cancelled,2023-07-19
1954,14,244,26255507.0,completed,2024-08-08
1955,2,435,32612654.0,returned,2023-06-07
1956,22,397,41774497.0,completed,2023-04-11
1957,37,98,34804982.0,completed,2023-11-29
1958,34,305,11427490.0,returned,2023-12-26
1959,2,101,26967916.0,shipped,2024-03-17
1960,30,20,5516064.0,completed,2024-02-13
1961,23,231,14005198.0,completed,2024-12-15
1962,32,495,39087074.0,shipped,2024-11-20
1963,30,260,43970939.0,cancelled,2024-07-31
1964,17,3,46079090.0,pending,2024-08-11
1965,50,230,42855070.0,returned,2023-03-20
1966,22,253,15208417.0,cancelled,2024-07-05
1967,30,221,25981143.0,completed,2024-06-30
1968,20,414,22330380.0,returned,2024-01-07
1969,3,435,3480067.0,shipped,2024-03-02
1970,2,477,36857698.0,pending,2023-09-14
1971,4,436,18093988.0,returned,2024-08-04
1972,25,497,7383005.0,pending,2024-04-06
1973,36,215,30264027.0,returned,2024-12-31
1974,21,368,40718487.0,returned,2023-02-25
1975,40,313,2366379.0,pending,2023-02-20
1976,11,429,10085124.0,completed,2024-01-05
1977,36,333,19896014.0,completed,2024-11-15
1978,36,359,19269732.0,completed,2024-05-26
1979,25,173,44772895.0,cancelled,2023-09-09
1980,21,115,28041575.0,pending,2023-06-13
1981,22,247,40064547.0,completed,2024-03-12
1982,18,188,11943971.0,shipped,2024-01-16
1983,44,202,14205301.0,returned,2023-08-15
1984,34,141,11269094.0,returned,2023-01-06
1985,26,55,26540446.0,shipped,2024-09-26
1986,21,174,28545216.0,pending,2024-01-22
1987,17,237,9438067.0,completed,2024-07-21
1988,6,320,5686376.0,cancelled,2023-07-31
1989,44,145,46513450.0,shipped,2024-05-22
1990,38,201,11868355.0,cancelled,2023-11-23
1991,15,82,36287332.0,pending,2023-12-25
1992,3,285,3806569.0,returned,2024-01-06
1993,41,253,11273560.0,returned,2023-10-05
1994,41,469,2400615.0,cancelled,2024-10-09
1995,24,375,47767178.0,completed,2023-08-15
1996,34,124,17694443.0,completed,2023-06-01
1997,8,296,47143685.0,cancelled,2023-09-16
1998,39,486,32329057.0,pending,2024-11-19
1999,25,70,32689977.0,completed,2024-08-18
2000,45,71,7677532.0,pending,2023-02-12
2001,37,48,47449936.0,completed,2024-07-02
2002,14,462,23877543.0,completed,2024-11-19
2003,46,266,14746745.0,pending,2023-11-13
2004,31,119,33227282.0,cancelled,2023-06-15
2005,25,413,39128196.0,returned,2023-05-09
2006,36,426,48693898.0,pending,2023-08-18
2007,37,15,39381272.0,completed,2023-06-30
2008,3,301,37302642.0,returned,2024-02-13
2009,5,270,1060237.0,shipped,2024-01-10
2010,23,72,4142361.0,completed,2023-11-17
2011,22,168,8186710.0,pending,2023-07-30
2012,7,389,42718360.0,completed,2023-06-13
2013,30,394,16200924.0,shipped,2023-05-17
2014,19,5,48868915.0,shipped,2023-12-11
2015,15,77,47942980.0,shipped,2024-03-30
2016,18,358,21381667.0,cancelled,2024-05-31
2017,6,330,45979770.0,returned,2023-04-19
2018,49,58,24460308.0,cancelled,2024-04-25
2019,12,152,12905006.0,returned,2024-08-09
2020,3,5,1956804.0,pending,2023-12-10
2021,26,5,25107520.0,returned,2024-02-18
2022,8,271,35939246.0,cancelled,2024-03-30
2023,21,26,47445367.0,pending,2023-04-08
2024,30,401,5217263.0,shipped,2023-12-16
2025,10,362,41613046.0,cancelled,2023-10-17
2026,41,276,13677306.0,cancelled,2023-12-04
2027,40,203,47494464.0,shipped,2023-05-07
2028,33,143,24368763.0,cancelled,2023-04-02
2029,39,342,15300431.0,completed,2024-03-24
2030,28,372,26978959.0,cancelled,2024-05-25
2031,50,203,7166261.0,pending,2023-09-20
2032,30,110,32899168.0,pending,2023-01-16
2033,26,253,7058659.0,returned,2024-09-29
2034,18,106,12833670.0,returned,2023-03-23
2035,13,221,35916062.0,completed,2023-03-22
2036,50,196,43568469.0,completed,2023-01-28
2037,20,227,17777734.0,shipped,2023-02-05
2038,1,303,9315945.0,returned,2024-04-30
2039,17,169,38091039.0,completed,2023-04-08
2040,32,245,43863766.0,pending,2023-02-18
2041,12,468,7123537.0,shipped,2023-09-10
2042,24,452,2654510.0,shipped,2024-02-24
2043,2,391,5933618.0,returned,2024-11-28
2044,33,32,44269847.0,shipped,2023-03-28
2045,25,449,1279896.0,completed,2023-11-28
2046,49,113,20318477.0,completed,2024-07-20
2047,47,139,13231667.0,pending,2023-10-08
2048,7,232,3323938.0,pending,2024-01-08
2049,28,406,1970117.0,shipped,2024-08-22
2050,10,351,19487132.0,cancelled,2024-01-12
2051,14,410,15012930.0,shipped,2024-06-14
2052,15,107,12136402.0,returned,2024-05-23
2053,23,470,38485747.0,cancelled,2023-04-24
2054,39,183,20853658.0,shipped,2024-01-08
2055,50,317,16564395.0,pending,2024-03-09
2056,50,378,24630520.0,pending,2023-09-21
2057,29,81,18077550.0,pending,2024-01-09
2058,47,218,23524370.0,completed,2024-03-30
2059,7,429,35962542.0,completed,2024-11-02
2060,5,480,41254239.0,cancelled,2024-12-05
2061,49,221,27370439.0,completed,2024-05-08
2062,14,355,13378203.0,cancelled,2024-08-27
2063,4,41,22280469.0,shipped,2024-07-19
2064,5,350,19275099.0,completed,2023-07-23
2065,29,15,47890445.0,completed,2024-08-20
2066,5,280,49820602.0,completed,2024-05-19
2067,4,1,17394634.0,cancelled,2024-02-24
2068,16,332,48582546.0,completed,2024-10-19
2069,18,172,16612538.0,shipped,2023-06-18
2070,2,223,9117510.0,returned,2024-02-04
2071,7,311,11190477.0,shipped,2024-10-05
2072,9,289,16994511.0,cancelled,2024-11-05
2073,37,178,7392831.0,cancelled,2024-09-07
2074,31,237,30582745.0,returned,2024-08-11
2075,22,188,36542221.0,shipped,2023-03-18
2076,3,110,1748934.0,shipped,2024-04-09
2077,37,4,46126408.0,pending,2023-10-03
2078,50,57,27773298.0,cancelled,2024-12-09
2079,12,146,28911399.0,shipped,2024-01-19
2080,39,30,26528130.0,returned,2024-10-19
2081,6,186,23150516.0,shipped,2023-03-25
2082,30,474,20738681.0,completed,2023-02-20
2083,9,376,24806812.0,pending,2024-10-26
2084,42,287,30729456.0,returned,2023-04-22
2085,22,131,4171216.0,shipped,2023-01-27
2086,15,357,25844117.0,shipped,2024-02-28
2087,28,23,23387873.0,pending,2023-12-05
2088,39,124,3923062.0,pending,2024-03-12
2089,21,487,30407054.0,returned,2023-02-12
2090,6,301,21824339.0,cancelled,2023-02-18
2091,9,25,16332830.0,completed,2023-08-09
2092,30,255,3662339.0,cancelled,2023-04-20
2093,5,352,24280329.0,shipped,2023-12-07
2094,37,224,46640323.0,pending,2023-07-08
2095,2,193,24655547.0,shipped,2024-03-19
2096,9,325,17833182.0,completed,2023-10-10
2097,12,209,4942327.0,shipped,2023-02-09
2098,42,280,45781352.0,shipped,2023-10-04
2099,19,65,34090209.0,shipped,2024-05-29
2100,10,266,23402668.0,returned,2023-05-22
2101,47,97,28072479.0,returned,2024-03-12
2102,1,417,28603236.0,returned,2023-08-12
2103,1,238,34836429.0,returned,2024-07-25
2104,43,439,21823267.0,pending,2024-08-12
2105,3,274,10698464.0,pending,2023-07-03
2106,39,415,32593134.0,returned,2023-01-30
2107,35,75,23496748.0,pending,2024-03-29
2108,38,36,34994306.0,completed,2023-12-03
2109,42,172,8585092.0,returned,2023-06-23
2110,4,482,26254079.0,returned,2024-03-08
2111,22,443,35215216.0,completed,2023-10-30
2112,19,138,40358114.0,cancelled,2024-11-25
2113,44,347,27869586.0,cancelled,2023-06-16
2114,18,255,9051547.0,completed,2024-06-17
2115,41,156,28823047.0,shipped,2024-03-19
2116,26,355,30024887.0,returned,2024-06-21
2117,48,101,1142659.0,shipped,2023-08-27
2118,40,42,14503109.0,completed,2023-06-10
2119,5,102,5556952.0,completed,2024-04-08
2120,1,385,31550589.0,shipped,2024-01-08
2121,17,478,27772558.0,returned,2024-11-01
2122,47,381,39384497.0,pending,2024-11-09
2123,35,158,3506690.0,completed,2024-09-06
2124,48,67,32113937.0,shipped,2024-10-06
2125,42,71,3266479.0,shipped,2023-09-21
2126,13,365,24189997.0,completed,2023-08-08
2127,30,430,38158824.0,completed,2024-01-26
2128,33,215,31984632.0,cancelled,2023-06-07
2129,21,240,25400517.0,returned,2023-05-24
2130,9,77,9374548.0,shipped,2023-06-08
2131,45,317,22987832.0,shipped,2024-11-01
2132,22,145,39980858.0,cancelled,2023-01-01
2133,47,392,16171662.0,cancelled,2024-10-15
2134,15,80,9347652.0,returned,2024-10-09
2135,23,141,8874170.0,pending,2024-04-03
2136,18,158,20505598.0,returned,2024-12-28
2137,4,33,27500004.0,pending,2024-07-30
2138,9,11,23949437.0,returned,2024-12-19
2139,11,377,13363136.0,returned,2024-05-02
2140,5,397,2130334.0,pending,2023-06-01
2141,36,209,42666972.0,returned,2023-07-17
2142,39,306,37546033.0,returned,2024-04-23
2143,27,406,21742750.0,pending,2023-07-15
2144,17,387,28340603.0,returned,2024-03-26
2145,50,17,35834259.0,cancelled,2024-09-19
2146,44,351,46121280.0,completed,2023-09-05
2147,33,216,17272795.0,pending,2023-07-09
2148,25,485,27637052.0,returned,2024-02-27
2149,24,248,16589898.0,shipped,2023-03-08
2150,24,60,17044142.0,shipped,2024-08-07
2151,25,293,32228681.0,cancelled,2023-01-18
2152,30,99,7905686.0,shipped,2024-12-01
2153,50,345,32447258.0,returned,2024-01-20
2154,17,244,6648339.0,returned,2023-04-20
2155,35,289,37311450.0,pending,2024-08-18
2156,8,302,49217142.0,returned,2024-05-16
2157,3,323,8510415.0,completed,2024-11-04
2158,41,5,13575505.0,pending,2023-02-11
2159,48,404,12696729.0,shipped,2024-05-11
2160,27,428,23756992.0,cancelled,2023-01-09
2161,14,410,20207738.0,shipped,2023-08-16
2162,19,257,42667172.0,completed,2024-10-10
2163,21,442,21773751.0,returned,2023-08-26
2164,4,290,36786438.0,completed,2024-03-13
2165,10,478,33286356.0,returned,2024-02-18
2166,25,374,48655350.0,completed,2023-11-14
2167,14,368,27732384.0,returned,2024-11-05
2168,10,154,12191759.0,pending,2024-10-18
2169,28,392,12991391.0,returned,2024-09-07
2170,41,143,32486604.0,shipped,2024-08-01
2171,46,268,32776463.0,pending,2023-02-24
2172,31,236,35023107.0,completed,2024-08-02
2173,28,429,25233233.0,completed,2023-04-02
2174,46,391,17523677.0,completed,2023-09-26
2175,43,212,3396063.0,pending,2024-01-23
2176,4,316,15875131.0,cancelled,2023-01-14
2177,37,323,16661419.0,cancelled,2023-10-22
2178,7,33,40731567.0,shipped,2023-01-01
2179,48,462,16766607.0,completed,2024-08-18
2180,18,114,43706872.0,cancelled,2023-07-22
2181,19,111,37024070.0,pending,2023-10-27
2182,10,458,28436989.0,cancelled,2023-01-16
2183,32,392,10851671.0,pending,2023-12-24
2184,2,3,49440771.0,returned,2024-01-14
2185,30,230,18210488.0,pending,2023-04-19
2186,3,352,4527613.0,pending,2023-08-31
2187,24,176,42468910.0,pending,2024-08-11
2188,11,499,10866905.0,completed,2024-12-09
2189,38,13,16641855.0,shipped,2023-01-13
2190,28,440,27010559.0,completed,2023-08-29
2191,41,468,9901053.0,pending,2024-08-15
2192,36,208,36455525.0,returned,2023-07-29
2193,23,282,15390811.0,pending,2024-04-13
2194,38,30,23939111.0,cancelled,2023-03-10
2195,39,400,25163213.0,completed,2024-07-24
2196,2,210,26785012.0,completed,2024-06-14
2197,2,214,19669869.0,completed,2023-05-04
2198,20,399,26531308.0,returned,2024-07-05
2199,3,21,8851434.0,returned,2024-09-03
2200,19,323,9836100.0,pending,2023-04-03
2201,3,383,40561038.0,pending,2024-03-05
2202,42,83,43177622.0,cancelled,2023-12-29
2203,1,444,36801956.0,cancelled,2024-02-18
2204,26,158,23410905.0,cancelled,2024-11-28
2205,45,449,10561127.0,shipped,2024-11-28
2206,42,128,1375479.0,returned,2023-12-02
2207,2,227,25736482.0,completed,2024-08-07
2208,29,139,39284239.0,cancelled,2024-07-09
2209,22,409,31587377.0,cancelled,2024-11-25
2210,35,434,17191903.0,cancelled,2023-11-08
2211,3,205,34200515.0,shipped,2024-02-23
2212,35,252,24344994.0,shipped,2023-03-19
2213,11,375,48073100.0,returned,2024-11-25
2214,48,263,3510341.0,returned,2023-04-12
2215,47,69,21695252.0,returned,2023-10-31
2216,13,465,11040386.0,completed,2024-03-01
2217,37,244,18419060.0,shipped,2024-12-25
2218,50,45,17715721.0,completed,2023-09-06
2219,2,207,18818642.0,pending,2024-03-29
2220,36,245,13055211.0,shipped,2024-03-16
2221,40,142,34522729.0,cancelled,2024-01-19
2222,20,118,24750008.0,shipped,2024-10-30
2223,36,128,46643934.0,shipped,2024-11-19
2224,39,61,34629177.0,cancelled,2024-01-01
2225,3,487,28649190.0,shipped,2023-09-24
2226,48,13,11074117.0,pending,2023-08-24
2227,44,87,41111349.0,shipped,2023-06-29
2228,8,98,44838848.0,returned,2023-10-19
2229,5,428,12459311.0,cancelled,2023-05-30
2230,17,361,17134571.0,completed,2024-02-11
2231,28,383,23327299.0,returned,2023-04-26
2232,29,116,32697833.0,pending,2023-03-03
2233,30,132,44469001.0,completed,2024-04-06
2234,4,459,25221812.0,pending,2023-05-26
2235,5,301,1738299.0,returned,2023-08-26
2236,8,81,20722080.0,pending,2024-04-25
2237,34,219,24985766.0,returned,2024-03-15
2238,8,246,37184997.0,cancelled,2024-08-11
2239,17,192,15549838.0,completed,2023-01-29
2240,3,429,2614299.0,cancelled,2024-04-25
2241,23,355,1889811.0,shipped,2023-08-14
2242,14,113,43454288.0,shipped,2023-10-03
2243,28,497,2402290.0,returned,2024-04-14
2244,19,119,25724898.0,completed,2024-01-31
2245,27,311,34004512.0,returned,2024-11-11
2246,14,55,8490670.0,pending,2023-09-09
2247,48,250,40523980.0,returned,2024-09-01
2248,23,482,35278635.0,cancelled,2023-11-05
2249,15,337,7665074.0,returned,2024-12-07
2250,20,354,36053274.0,cancelled,2024-02-07
2251,47,249,9703975.0,cancelled,2023-04-15
2252,39,112,43506469.0,cancelled,2024-12-20
2253,41,32,38994268.0,cancelled,2024-11-18
2254,19,6,30300325.0,cancelled,2024-01-16
2255,38,379,18139488.0,cancelled,2024-06-10
2256,36,181,17881232.0,cancelled,2023-02-24
2257,2,471,12337477.0,returned,2023-12-29
2258,28,28,37263644.0,shipped,2024-08-27
2259,2,266,9499668.0,completed,2024-09-09
2260,17,334,23930206.0,pending,2024-10-26
2261,44,343,11691483.0,pending,2024-08-04
2262,16,353,37477979.0,cancelled,2023-02-14
2263,26,190,8372379.0,shipped,2023-02-27
2264,24,46,24867658.0,shipped,2023-10-12
2265,27,421,24836591.0,returned,2024-02-12
2266,21,18,1655229.0,pending,2023-12-20
2267,18,180,44008810.0,shipped,2023-08-21
2268,4,42,1560483.0,returned,2024-10-15
2269,15,349,46190847.0,pending,2024-11-01
2270,12,400,7923216.0,returned,2024-12-31
2271,42,65,15292978.0,cancelled,2024-10-28
2272,12,49,17730297.0,cancelled,2024-09-29
2273,36,104,37290886.0,shipped,2024-08-22
2274,19,136,6278857.0,cancelled,2024-02-29
2275,35,256,479133.0,cancelled,2023-03-01
2276,8,123,37613654.0,cancelled,2024-12-14
2277,50,430,37130956.0,pending,2023-08-10
2278,14,329,18507703.0,cancelled,2024-05-19
2279,29,59,32101601.0,cancelled,2023-09-18
2280,5,408,13823884.0,returned,2023-01-10
2281,3,450,45958442.0,returned,2024-08-14
2282,7,441,45890724.0,pending,2024-11-30
2283,41,31,35240097.0,shipped,2023-07-13
2284,40,445,38548666.0,completed,2024-07-09
2285,43,224,10600378.0,cancelled,2024-01-25
2286,19,412,16418393.0,completed,2024-06-23
2287,9,112,47095342.0,shipped,2023-01-15
2288,37,168,49738608.0,pending,2023-02-24
2289,13,53,3287197.0,pending,2024-05-25
2290,45,308,49285525.0,pending,2023-08-15
2291,11,40,18549822.0,completed,2023-12-12
2292,48,204,22176049.0,pending,2023-06-24
2293,22,363,2656362.0,pending,2024-03-01
2294,8,79,19430186.0,cancelled,2024-04-18
2295,5,325,27361176.0,returned,2024-06-28
2296,32,209,18272522.0,pending,2023-12-09
2297,8,172,36848635.0,completed,2024-09-23
2298,17,22,22902588.0,pending,2024-06-10
2299,20,237,37653203.0,returned,2024-12-10
2300,4,31,38564016.0,completed,2024-01-07
2301,23,90,6730269.0,pending,2023-10-09
2302,50,376,11714454.0,cancelled,2024-03-19
2303,24,222,12811226.0,returned,2024-03-31
2304,29,241,27075178.0,shipped,2024-06-20
2305,23,443,47525801.0,cancelled,2023-03-15
2306,38,171,4473386.0,completed,2024-11-10
2307,48,260,19352805.0,cancelled,2023-08-23
2308,10,252,22796026.0,cancelled,2023-01-01
2309,21,97,46343261.0,shipped,2024-05-27
2310,32,211,23528596.0,pending,2024-12-22
2311,45,133,33543642.0,cancelled,2024-06-07
2312,29,369,23589794.0,completed,2024-07-05
2313,25,364,37963944.0,cancelled,2024-10-12
2314,47,119,35338642.0,returned,2024-02-05
2315,37,464,31702343.0,pending,2023-03-24
2316,7,382,8801825.0,pending,2023-06-02
2317,39,196,14954770.0,shipped,2024-07-18
2318,14,177,12636180.0,pending,2024-07-15
2319,46,261,15172377.0,completed,2023-07-02
2320,38,182,49865874.0,cancelled,2023-02-27
2321,11,304,16635169.0,returned,2024-02-04
2322,26,218,42214661.0,returned,2023-12-03
2323,35,167,39628243.0,shipped,2024-06-28
2324,39,1,8228596.0,returned,2024-03-12
2325,31,111,48343286.0,completed,2024-03-07
2326,28,74,29369798.0,returned,2024-07-24
2327,23,443,9427491.0,pending,2024-08-28
2328,2,305,44553677.0,cancelled,2024-12-23
2329,25,263,14204479.0,completed,2024-01-23
2330,42,363,38254473.0,cancelled,2023-06-25
2331,28,96,31247574.0,shipped,2024-08-24
2332,4,24,11431815.0,completed,2024-10-17
2333,50,435,27396358.0,returned,2023-07-27
2334,11,285,40528044.0,shipped,2024-02-12
2335,15,142,16201287.0,shipped,2024-10-03
2336,31,107,29043548.0,pending,2024-05-08
2337,40,13,13154889.0,completed,2024-09-04
2338,18,132,933731.0,returned,2023-11-19
2339,5,140,11878759.0,returned,2024-11-03
2340,26,442,48064088.0,returned,2023-10-14
2341,11,228,5298497.0,completed,2023-06-27
2342,40,120,12583625.0,pending,2023-12-12
2343,16,181,26449505.0,completed,2023-11-14
2344,21,316,1037184.0,pending,2023-01-27
2345,24,267,46646076.0,returned,2024-02-23
2346,9,227,24014744.0,returned,2023-03-13
2347,8,449,30184332.0,returned,2024-04-16
2348,1,172,13221082.0,returned,2023-03-25
2349,45,484,3602965.0,cancelled,2023-01-20
2350,15,497,29986795.0,pending,2023-04-22
2351,40,396,45625454.0,returned,2024-01-16
2352,35,201,8445756.0,completed,2023-06-24
2353,28,392,17449261.0,returned,2023-03-07
2354,33,12,26813056.0,returned,2024-04-05
2355,20,306,4658873.0,shipped,2023-08-13
2356,23,71,9515605.0,completed,2024-04-03
2357,5,44,42514785.0,pending,2023-04-28
2358,10,18,254923.0,returned,2024-12-15
2359,6,37,25143749.0,shipped,2023-06-19
2360,18,285,20027790.0,shipped,2023-01-03
2361,18,99,18982397.0,cancelled,2023-09-22
2362,6,346,3161898.0,completed,2024-06-20
2363,30,31,39777062.0,returned,2024-05-19
2364,37,303,36705352.0,shipped,2023-01-23
2365,50,254,35577789.0,returned,2023-05-17
2366,49,129,28282980.0,cancelled,2023-06-27
2367,4,145,23857766.0,returned,2023-10-31
2368,28,115,12617770.0,cancelled,2023-03-03
2369,9,242,22009552.0,returned,2024-11-23
2370,50,432,23376393.0,shipped,2024-05-05
2371,45,174,20093000.0,pending,2024-02-02
2372,10,118,13720493.0,returned,2024-08-19
2373,10,417,24740233.0,cancelled,2024-03-16
2374,46,276,38186580.0,completed,2024-03-16
2375,39,392,30922906.0,pending,2024-02-18
2376,41,24,42117523.0,pending,2024-08-10
2377,33,202,10680506.0,pending,2024-01-31
2378,39,331,34275128.0,shipped,2024-11-19
2379,47,116,24588012.0,pending,2023-08-31
2380,6,254,10932784.0,completed,2023-01-14
2381,36,59,38719232.0,returned,2024-02-24
2382,31,487,31163094.0,returned,2023-05-25
2383,22,132,7383760.0,pending,2023-02-20
2384,45,373,13718366.0,returned,2024-05-02
2385,12,74,5832814.0,completed,2023-10-04
2386,2,276,12804720.0,shipped,2024-04-15
2387,3,75,28339191.0,completed,2023-08-29
2388,34,185,15364904.0,completed,2024-03-20
2389,13,448,13235141.0,completed,2023-04-08
2390,21,86,27967130.0,shipped,2023-04-22
2391,23,340,38024724.0,pending,2024-02-25
2392,8,317,26271122.0,pending,2023-08-23
2393,11,94,32409630.0,pending,2024-08-21
2394,11,327,21757647.0,shipped,2024-07-27
2395,32,20,28875196.0,completed,2024-07-29
2396,12,72,14688424.0,shipped,2023-05-04
2397,6,332,28577528.0,pending,2023-08-21
2398,49,202,11825960.0,completed,2024-12-21
2399,40,420,25173600.0,shipped,2024-01-11
2400,22,343,23763398.0,pending,2023-03-22
2401,46,469,44028426.0,shipped,2023-04-16
2402,47,209,20940305.0,shipped,2024-05-06
2403,11,362,11129212.0,completed,2023-09-02
2404,15,487,32360533.0,shipped,2024-09-21
2405,46,193,41624505.0,shipped,2024-06-11
2406,13,261,47079180.0,returned,2024-04-20
2407,14,233,46225151.0,pending,2024-06-23
2408,16,168,34881925.0,returned,2023-03-23
2409,34,489,910259.0,completed,2024-08-27
2410,10,143,29145060.0,completed,2023-10-12
2411,22,125,39269004.0,completed,2023-04-16
2412,39,33,4006082.0,pending,2024-02-01
2413,47,261,46367580.0,completed,2023-04-07
2414,6,224,37429923.0,pending,2023-03-09
2415,28,224,24866404.0,shipped,2023-05-15
2416,5,471,11925751.0,shipped,2024-05-14
2417,27,412,48029407.0,returned,2024-11-24
2418,23,74,41929628.0,shipped,2023-02-17
2419,40,376,9096104.0,completed,2024-01-23
2420,8,228,8721713.0,returned,2024-01-16
2421,38,303,12311408.0,shipped,2023-03-07
2422,10,265,5351915.0,completed,2024-08-24
2423,17,257,30036385.0,completed,2024-05-29
2424,41,95,13811105.0,completed,2023-01-03
2425,9,431,29470711.0,pending,2023-05-23
2426,14,114,41221399.0,shipped,2024-01-15
2427,10,309,2775534.0,returned,2023-02-10
2428,23,337,41645194.0,pending,2024-04-25
2429,40,252,24768929.0,pending,2023-06-07
2430,23,267,43062145.0,pending,2023-07-09
2431,26,180,43769495.0,cancelled,2024-08-25
2432,35,372,34500361.0,completed,2023-09-15
2433,29,291,33894367.0,cancelled,2024-08-21
2434,40,296,8991657.0,completed,2023-06-13
2435,15,119,5686503.0,shipped,2024-05-17
2436,30,470,44193006.0,returned,2023-11-08
2437,24,192,9183642.0,completed,2024-01-13
2438,35,208,42330677.0,completed,2024-11-01
2439,28,303,31960482.0,completed,2023-04-03
2440,17,2,34855703.0,pending,2024-11-23
2441,23,407,12390346.0,completed,2024-12-02
2442,21,62,41801758.0,pending,2023-01-30
2443,17,17,47360295.0,shipped,2024-04-13
2444,1,180,14702695.0,pending,2023-02-20
2445,22,140,6055302.0,returned,2024-08-24
2446,47,462,38029698.0,pending,2023-12-19
2447,24,7,3028995.0,shipped,2023-09-11
2448,9,152,18354239.0,completed,2024-01-17
2449,38,123,17388477.0,completed,2023-05-05
2450,40,482,29038094.0,pending,2024-10-08
2451,49,85,32775795.0,shipped,2024-06-24
2452,32,491,1518332.0,returned,2024-01-28
2453,3,315,8420178.0,cancelled,2024-11-08
2454,48,288,20652428.0,shipped,2023-06-29
2455,42,6,35711972.0,cancelled,2023-01-13
2456,31,343,48101188.0,returned,2023-02-26
2457,24,442,25193497.0,shipped,2023-05-24
2458,43,255,16480787.0,pending,2023-04-20
2459,13,21,2163756.0,shipped,2023-07-19
2460,47,222,31004393.0,shipped,2024-02-21
2461,29,201,20948576.0,completed,2024-04-15
2462,41,40,15219355.0,returned,2024-08-11
2463,33,410,43571987.0,completed,2023-12-30
2464,18,458,6677093.0,pending,2023-02-02
2465,34,401,32093455.0,returned,2023-06-13
2466,33,48,21823924.0,pending,2023-10-09
2467,31,102,15489996.0,cancelled,2024-05-22
2468,28,188,6704407.0,completed,2024-07-09
2469,50,146,41227659.0,cancelled,2023-05-08
2470,10,483,34150759.0,pending,2024-06-26
2471,20,65,35706699.0,pending,2024-06-30
2472,35,254,26135315.0,shipped,2024-01-20
2473,20,108,11270538.0,pending,2023-07-22
2474,43,85,7144984.0,returned,2023-02-13
2475,22,274,19069520.0,shipped,2023-05-08
2476,15,255,39422738.0,returned,2024-12-10
2477,34,255,2142270.0,completed,2024-05-27
2478,41,77,17637552.0,completed,2024-12-19
2479,36,226,18621941.0,pending,2024-12-12
2480,48,5,37644351.0,cancelled,2024-01-11
2481,49,307,17270511.0,cancelled,2024-09-23
2482,29,208,7264666.0,returned,2023-05-09
2483,34,434,19199936.0,pending,2024-09-22
2484,31,333,23335989.0,returned,2024-06-10
2485,36,244,30139069.0,shipped,2024-01-11
2486,47,400,14169986.0,pending,2023-08-25
2487,1,487,23532392.0,cancelled,2024-01-27
2488,22,363,3319600.0,pending,2024-11-07
2489,22,399,15906451.0,cancelled,2023-08-08
2490,19,241,27159192.0,shipped,2023-12-22
2491,6,3,41926054.0,returned,2023-10-07
2492,21,65,49950437.0,pending,2023-11-28
2493,10,185,156096.0,shipped,2024-01-16
2494,27,153,24255041.0,returned,2024-12-01
2495,39,180,18966903.0,returned,2023-03-27
2496,34,42,10989719.0,cancelled,2023-12-24
2497,25,205,13521631.0,pending,2024-12-06
2498,42,100,43343825.0,returned,2024-09-12
2499,33,145,40772632.0,shipped,2023-07-21
2500,41,374,35867821.0,shipped,2024-07-01
2501,17,443,2983460.0,pending,2024-10-21
2502,29,435,34666791.0,returned,2024-06-27
2503,48,312,5055156.0,completed,2023-09-17
2504,50,22,19106802.0,cancelled,2024-08-08
2505,43,283,38088530.0,returned,2023-07-27
2506,1,292,4456104.0,shipped,2023-05-05
2507,5,414,21680616.0,returned,2023-03-03
2508,21,136,6519199.0,shipped,2024-02-26
2509,28,356,8591821.0,completed,2023-08-27
2510,1,427,48237735.0,cancelled,2023-04-01
2511,24,301,16472989.0,shipped,2024-08-28
2512,20,254,11993927.0,returned,2023-05-29
2513,2,327,31928087.0,completed,2024-03-24
2514,49,208,43141655.0,cancelled,2023-07-27
2515,16,221,18981441.0,shipped,2023-08-08
2516,36,407,33977160.0,returned,2024-06-11
2517,50,484,1451047.0,returned,2024-03-12
2518,29,39,25351434.0,completed,2023-03-07
2519,13,307,43719321.0,cancelled,2024-09-10
2520,1,403,48072236.0,cancelled,2024-02-07
2521,4,340,22791730.0,completed,2024-09-30
2522,8,332,8618963.0,returned,2024-09-17
2523,8,184,13540349.0,completed,2023-07-27
2524,6,30,46694353.0,shipped,2023-12-27
2525,12,66,47637683.0,completed,2023-08-22
2526,45,288,6961995.0,returned,2024-12-07
2527,25,439,11944795.0,shipped,2023-06-16
2528,10,379,17994701.0,returned,2024-12-24
2529,39,351,19619537.0,pending,2023-07-15
2530,32,249,23970008.0,completed,2024-05-09
2531,3,285,33933944.0,cancelled,2024-03-30
2532,39,410,39546609.0,cancelled,2023-12-08
2533,44,66,35688042.0,completed,2023-05-30
2534,49,440,42285490.0,completed,2023-12-25
2535,42,467,38764128.0,cancelled,2023-03-17
2536,8,47,43541477.0,pending,2023-09-01
2537,37,104,12648399.0,completed,2024-10-08
2538,25,172,45201978.0,returned,2023-05-15
2539,40,288,48135766.0,cancelled,2024-06-05
2540,44,298,22889826.0,completed,2024-08-08
2541,27,372,34783317.0,pending,2024-08-19
2542,25,86,49679256.0,completed,2024-01-15
2543,47,495,34162116.0,completed,2024-03-26
2544,12,289,21259589.0,pending,2023-01-08
2545,50,356,43494930.0,shipped,2023-11-25
2546,31,382,32163661.0,pending,2023-05-12
2547,34,4,23728473.0,cancelled,2024-11-13
2548,47,230,33653475.0,returned,2023-08-09
2549,30,475,1694581.0,cancelled,2024-12-21
2550,37,89,27354087.0,completed,2024-10-06
2551,49,160,39976516.0,cancelled,2024-05-06
2552,32,247,37480908.0,shipped,2023-07-09
2553,9,345,39441659.0,cancelled,2024-01-10
2554,28,36,24321338.0,returned,2024-01-08
2555,35,290,24962677.0,shipped,2023-01-22
2556,24,193,18824980.0,cancelled,2024-05-10
2557,3,419,19906971.0,pending,2024-05-08
2558,15,294,21056106.0,cancelled,2023-10-19
2559,17,342,18347207.0,cancelled,2024-04-19
2560,16,376,3225517.0,completed,2023-06-03
2561,25,357,21659357.0,shipped,2024-08-03
2562,15,324,13882050.0,completed,2023-10-06
2563,11,170,29324372.0,pending,2023-04-13
2564,3,15,29623305.0,shipped,2024-03-14
2565,44,374,11534488.0,returned,2024-10-27
2566,27,443,15425107.0,shipped,2024-05-19
2567,19,108,1403471.0,shipped,2023-09-03
2568,18,219,6300786.0,shipped,2024-01-22
2569,38,187,15920912.0,shipped,2023-04-11
2570,8,237,2051006.0,completed,2023-10-25
2571,26,288,26642126.0,pending,2023-10-23
2572,38,389,10959524.0,completed,2024-08-24
2573,50,434,13212935.0,pending,2023-02-07
2574,29,369,39513304.0,completed,2023-01-28
2575,2,338,28471921.0,cancelled,2023-12-06
2576,50,238,26249812.0,returned,2023-11-05
2577,4,71,13765731.0,shipped,2024-12-24
2578,46,316,29039329.0,shipped,2024-09-10
2579,30,423,6001481.0,cancelled,2023-10-04
2580,5,1,19577492.0,completed,2023-06-15
2581,12,65,37888081.0,pending,2024-07-04
2582,25,241,46068800.0,completed,2023-04-28
2583,38,239,41377152.0,returned,2024-10-24
2584,39,65,49153091.0,returned,2024-11-12
2585,30,26,16081977.0,shipped,2024-09-27
2586,7,306,25608379.0,shipped,2023-08-30
2587,42,74,15715019.0,shipped,2024-08-30
2588,35,30,47217800.0,completed,2023-07-08
2589,40,124,11228638.0,shipped,2023-09-22
2590,21,203,28366814.0,pending,2024-03-07
2591,15,50,15876729.0,completed,2024-11-18
2592,2,29,28364204.0,cancelled,2023-07-20
2593,21,389,33373680.0,shipped,2024-03-14
2594,15,312,48269711.0,cancelled,2024-10-03
2595,10,204,32536581.0,completed,2024-11-03
2596,17,187,49037096.0,pending,2024-09-27
2597,36,420,7625017.0,shipped,2023-08-22
2598,10,192,48321585.0,shipped,2023-02-08
2599,38,302,2793746.0,shipped,2024-01-11
2600,42,189,21005391.0,shipped,2023-05-07
2601,9,141,13227225.0,completed,2024-10-30
2602,4,344,6643033.0,returned,2023-05-31
2603,4,439,1033582.0,cancelled,2023-09-01
2604,45,335,937292.0,shipped,2023-07-06
2605,30,216,944242.0,cancelled,2024-09-02
2606,40,44,18413306.0,shipped,2023-11-14
2607,4,416,35100099.0,pending,2024-10-12
2608,41,208,38344909.0,cancelled,2024-02-02
2609,29,481,47126819.0,returned,2023-04-10
2610,40,237,5232614.0,completed,2023-07-01
2611,24,253,27568074.0,returned,2023-08-30
2612,16,102,13298859.0,pending,2023-10-19
2613,41,349,46405277.0,pending,2023-09-07
2614,46,88,36089374.0,shipped,2023-10-23
2615,27,471,21642406.0,pending,2024-03-23
2616,47,35,18841396.0,returned,2023-05-21
2617,27,36,42831365.0,completed,2023-03-03
2618,46,359,18695737.0,shipped,2024-04-29
2619,11,404,33578357.0,returned,2023-06-30
2620,12,496,29627803.0,returned,2024-11-01
2621,20,71,19017141.0,returned,2023-03-15
2622,12,418,30393743.0,returned,2024-12-10
2623,17,23,23677893.0,pending,2024-06-09
2624,31,107,16513127.0,completed,2024-11-05
2625,3,457,6467772.0,returned,2024-08-05
2626,44,6,27353049.0,returned,2024-10-04
2627,12,309,3103388.0,cancelled,2024-04-18
2628,32,108,25183691.0,cancelled,2023-07-25
2629,27,186,31205529.0,completed,2023-09-14
2630,7,172,35516551.0,cancelled,2024-01-25
2631,15,432,43835154.0,pending,2024-09-06
2632,45,377,33964740.0,shipped,2024-11-30
2633,20,217,24376286.0,shipped,2024-06-28
2634,45,74,16135999.0,returned,2023-04-20
2635,17,402,18772001.0,completed,2024-05-16
2636,26,33,31431380.0,completed,2023-12-11
2637,10,469,30127003.0,cancelled,2024-08-01
2638,11,2,12626921.0,cancelled,2024-07-07
2639,49,221,18933909.0,completed,2024-09-20
2640,28,339,3391081.0,cancelled,2023-05-29
2641,27,28,26214252.0,shipped,2024-02-01
2642,47,161,9063673.0,shipped,2024-12-16
2643,21,321,17003378.0,pending,2024-12-23
2644,49,329,45266642.0,completed,2023-11-20
2645,1,97,22897272.0,pending,2024-08-10
2646,26,248,27317801.0,pending,2023-10-31
2647,42,227,28793382.0,shipped,2023-07-30
2648,18,230,23721642.0,shipped,2023-09-18
2649,44,226,15648659.0,pending,2024-02-13
2650,49,430,2516560.0,shipped,2024-09-27
2651,44,99,14614296.0,returned,2023-01-06
2652,50,163,19491647.0,completed,2024-07-23
2653,50,467,21714101.0,completed,2023-06-01
2654,15,109,13054862.0,returned,2023-04-07
2655,41,246,49053997.0,cancelled,2023-06-15
2656,34,420,31431644.0,shipped,2024-09-22
2657,25,482,5136288.0,cancelled,2024-11-17
2658,36,295,18888621.0,cancelled,2024-08-03
2659,16,117,34476248.0,cancelled,2023-08-26
2660,45,346,13794023.0,shipped,2024-05-27
2661,31,238,35570433.0,returned,2023-05-10
2662,6,352,22079229.0,returned,2024-12-05
2663,31,240,25462921.0,returned,2023-06-08
2664,16,229,27789330.0,returned,2024-08-21
2665,50,47,23022568.0,pending,2023-10-27
2666,29,100,33446155.0,pending,2024-11-18
2667,17,297,34413955.0,shipped,2023-07-23
2668,33,302,4390621.0,pending,2023-10-27
2669,41,483,39236958.0,cancelled,2024-02-18
2670,28,155,38323693.0,shipped,2023-06-20
2671,50,168,18575807.0,pending,2023-02-24
2672,27,111,33179596.0,completed,2024-03-21
2673,34,130,3870615.0,completed,2023-03-19
2674,30,281,25082263.0,returned,2023-06-22
2675,13,46,19958996.0,pending,2024-04-11
2676,50,215,36905356.0,shipped,2024-02-07
2677,42,404,16305129.0,shipped,2024-07-15
2678,19,367,47022990.0,returned,2024-04-11
2679,15,164,33368091.0,completed,2024-04-06
2680,3,107,19193468.0,returned,2024-01-07
2681,13,40,34952386.0,pending,2024-07-27
2682,8,365,19968171.0,shipped,2023-08-11
2683,9,302,1336840.0,completed,2023-11-21
2684,1,36,26759817.0,shipped,2023-12-19
2685,28,293,45201247.0,completed,2023-02-27
2686,46,440,43181462.0,cancelled,2024-08-19
2687,9,356,37828285.0,completed,2023-06-21
2688,41,343,5549601.0,shipped,2024-06-19
2689,31,239,3858371.0,returned,2023-01-01
2690,41,71,24963107.0,completed,2024-10-21
2691,24,98,37949221.0,shipped,2023-08-01
2692,41,81,8437131.0,pending,2024-12-20
2693,27,209,4243720.0,shipped,2024-06-23
2694,17,78,3888031.0,cancelled,2024-07-27
2695,18,283,41248508.0,pending,2023-01-30
2696,11,106,20802223.0,completed,2023-11-27
2697,22,115,40325362.0,cancelled,2023-06-12
2698,45,342,5834123.0,returned,2023-06-21
2699,47,188,35415652.0,returned,2024-05-24
2700,41,51,2372770.0,returned,2023-09-19
2701,25,124,15019011.0,cancelled,2023-05-19
2702,23,382,32324383.0,shipped,2024-03-21
2703,35,133,6243928.0,returned,2024-02-18
2704,24,117,43812486.0,cancelled,2024-09-06
2705,24,53,34404256.0,cancelled,2023-07-14
2706,40,77,34198007.0,pending,2024-07-13
2707,4,412,19906818.0,pending,2024-02-05
2708,34,446,46326768.0,returned,2024-03-14
2709,27,303,3946154.0,returned,2023-07-02
2710,39,357,5087936.0,cancelled,2024-12-23
2711,10,497,47981931.0,returned,2023-10-16
2712,36,441,32857899.0,completed,2023-04-16
2713,16,288,19592517.0,shipped,2023-07-26
2714,24,187,40592619.0,completed,2023-05-22
2715,18,136,15364007.0,completed,2023-04-21
2716,16,438,8639503.0,pending,2024-05-16
2717,11,258,37463874.0,cancelled,2023-11-20
2718,16,219,2529143.0,completed,2024-12-05
2719,34,292,23752119.0,completed,2023-03-30
2720,22,474,26002042.0,cancelled,2023-08-08
2721,8,10,9197811.0,returned,2023-07-25
2722,15,461,24849724.0,shipped,2024-01-23
2723,31,81,21464108.0,shipped,2024-08-19
2724,40,55,6360576.0,returned,2024-09-14
2725,38,41,44573765.0,pending,2024-06-16
2726,11,206,27543186.0,shipped,2023-04-23
2727,40,450,31955417.0,completed,2023-04-25
2728,15,69,27580956.0,pending,2023-04-21
2729,34,196,9967846.0,cancelled,2024-08-11
2730,4,1,14044131.0,returned,2023-11-11
2731,36,153,24667695.0,pending,2024-10-30
2732,35,235,48450830.0,cancelled,2024-11-25
2733,26,192,38530543.0,shipped,2023-11-29
2734,13,228,4427731.0,shipped,2023-03-30
2735,9,367,15970223.0,shipped,2024-07-30
2736,40,117,6643954.0,completed,2023-11-26
2737,16,92,20109393.0,shipped,2024-04-18
2738,49,90,16127494.0,shipped,2024-11-12
2739,6,225,31868801.0,pending,2024-12-10
2740,22,27,1641055.0,cancelled,2024-10-03
2741,15,224,5721574.0,completed,2024-12-18
2742,39,463,4218389.0,shipped,2024-11-29
2743,42,396,22702921.0,returned,2024-10-13
2744,42,158,10138074.0,cancelled,2023-07-04
2745,1,152,35663573.0,shipped,2024-07-06
2746,43,73,24893927.0,returned,2023-06-21
2747,3,49,20055798.0,shipped,2023-03-13
2748,9,201,30402944.0,returned,2024-04-25
2749,48,108,4636817.0,pending,2023-03-21
2750,20,78,41960148.0,cancelled,2023-03-14
2751,28,145,5662198.0,pending,2023-04-16
2752,14,371,5202832.0,cancelled,2023-05-19
2753,19,301,45555378.0,cancelled,2024-04-13
2754,48,379,17744017.0,completed,2024-05-03
2755,37,270,23055879.0,completed,2024-11-18
2756,34,149,7656005.0,cancelled,2023-01-09
2757,33,308,27616370.0,returned,2024-03-15
2758,3,198,225785.0,cancelled,2024-04-09
2759,50,370,7809946.0,shipped,2024-06-23
2760,23,17,18871682.0,returned,2023-12-19
2761,39,42,37850379.0,completed,2024-04-08
2762,23,18,23103763.0,pending,2023-08-08
2763,33,440,16003056.0,completed,2024-09-14
2764,3,400,14827367.0,pending,2024-01-10
2765,21,400,3430512.0,cancelled,2024-06-21
2766,25,201,31636458.0,returned,2023-07-06
2767,26,478,11798888.0,shipped,2024-04-02
2768,37,275,39938486.0,shipped,2024-08-29
2769,43,82,29137193.0,cancelled,2023-10-22
2770,37,332,20862747.0,shipped,2023-03-07
2771,37,14,7369306.0,completed,2024-12-06
2772,19,413,15346817.0,returned,2023-01-22
2773,27,459,15661849.0,shipped,2023-03-09
2774,17,441,16424432.0,pending,2024-04-27
2775,36,108,43026610.0,completed,2024-03-16
2776,45,176,12685889.0,shipped,2023-09-21
2777,11,431,41702779.0,pending,2024-03-09
2778,18,215,33325449.0,cancelled,2024-10-06
2779,27,141,19395080.0,pending,2023-05-06
2780,29,406,33061012.0,shipped,2023-08-16
2781,18,369,20196845.0,completed,2023-05-24
2782,10,198,1857224.0,cancelled,2024-11-07
2783,14,152,44447808.0,cancelled,2023-04-09
2784,1,46,19377091.0,completed,2023-11-10
2785,39,356,44722900.0,completed,2024-09-10
2786,50,391,48305700.0,shipped,2024-07-13
2787,17,44,49412129.0,pending,2024-06-09
2788,29,76,5204766.0,returned,2024-11-07
2789,18,479,10688163.0,pending,2023-07-31
2790,37,267,13667414.0,pending,2023-10-19
2791,35,153,14806930.0,completed,2024-07-08
2792,6,414,35009634.0,cancelled,2024-12-24
2793,12,356,12816320.0,cancelled,2024-02-17
2794,36,138,39044704.0,completed,2024-10-08
2795,8,2,4854031.0,shipped,2023-03-09
2796,46,4,24759761.0,cancelled,2024-09-06
2797,50,423,47404294.0,pending,2024-04-16
2798,42,424,37782583.0,returned,2023-06-20
2799,50,32,26676269.0,returned,2024-08-31
2800,47,183,11050182.0,shipped,2024-05-23
2801,40,259,32381572.0,returned,2023-09-17
2802,1,39,11077819.0,completed,2023-02-22
2803,38,301,45936319.0,pending,2024-10-30
2804,13,199,21989293.0,cancelled,2023-09-17
2805,45,79,8433344.0,completed,2024-01-14
2806,6,39,35597349.0,pending,2024-07-21
2807,49,96,26416212.0,returned,2023-01-25
2808,48,267,49821692.0,shipped,2023-06-03
2809,9,260,32811498.0,cancelled,2024-09-22
2810,20,127,16915825.0,pending,2023-12-11
2811,14,177,13923015.0,cancelled,2023-11-01
2812,12,317,43197972.0,cancelled,2024-06-04
2813,9,67,13330303.0,pending,2023-02-18
2814,4,391,28282145.0,cancelled,2024-05-05
2815,28,61,12941311.0,cancelled,2023-04-30
2816,26,183,41754457.0,pending,2023-07-03
2817,28,246,23325395.0,returned,2023-03-30
2818,33,356,34917236.0,shipped,2024-08-03
2819,42,74,38044077.0,cancelled,2023-05-12
2820,42,344,47461544.0,pending,2024-09-27
2821,13,31,7622930.0,shipped,2024-08-07
2822,7,250,37088886.0,shipped,2024-12-23
2823,24,232,679402.0,pending,2023-08-08
2824,20,158,38193728.0,pending,2023-02-25
2825,23,67,28870801.0,returned,2024-10-04
2826,45,9,32259066.0,pending,2024-12-28
2827,49,116,22276999.0,cancelled,2024-10-28
2828,17,49,3714486.0,cancelled,2023-05-29
2829,45,100,36893435.0,completed,2024-05-21
2830,9,499,11446298.0,pending,2024-08-22
2831,5,286,25241993.0,cancelled,2024-09-22
2832,14,194,36677136.0,pending,2024-04-10
2833,31,112,38016489.0,pending,2023-08-08
2834,49,467,10031499.0,completed,2023-06-04
2835,14,70,4980200.0,pending,2024-05-29
2836,39,307,35749108.0,cancelled,2024-07-15
2837,36,412,20610182.0,returned,2023-05-24
2838,7,36,3329924.0,cancelled,2024-09-14
2839,41,432,36199836.0,returned,2023-08-15
2840,1,76,21495826.0,completed,2023-09-27
2841,31,500,43235995.0,returned,2024-04-22
2842,10,404,7225492.0,returned,2023-06-07
2843,1,399,1943253.0,shipped,2023-04-02
2844,44,265,45922693.0,pending,2023-09-21
2845,7,152,45031524.0,shipped,2024-08-03
2846,39,107,15290780.0,pending,2024-10-30
2847,38,78,49432742.0,pending,2024-09-08
2848,10,131,26805445.0,cancelled,2024-08-27
2849,21,311,44904344.0,cancelled,2024-12-30
2850,23,93,22304389.0,returned,2023-01-28
2851,31,112,38324876.0,returned,2024-09-22
2852,33,371,36890352.0,shipped,2023-01-01
2853,2,377,7031566.0,returned,2023-04-18
2854,34,432,45608544.0,pending,2024-08-17
2855,12,256,29725011.0,returned,2023-02-12
2856,11,238,43343323.0,completed,2023-01-07
2857,49,248,32956925.0,shipped,2023-04-09
2858,25,85,42827520.0,cancelled,2024-04-05
2859,30,282,4211520.0,cancelled,2024-09-03
2860,32,398,16609450.0,cancelled,2024-07-20
2861,47,11,11372494.0,cancelled,2024-03-01
2862,9,121,28307239.0,returned,2024-08-04
2863,27,182,46895259.0,returned,2024-03-16
2864,26,22,17546721.0,pending,2024-11-05
2865,1,285,5044466.0,shipped,2024-11-05
2866,7,469,18709395.0,cancelled,2024-03-18
2867,46,81,22472325.0,returned,2023-04-30
2868,35,102,34844192.0,cancelled,2024-08-08
2869,37,211,23020058.0,completed,2024-04-29
2870,31,273,43799010.0,cancelled,2024-03-14
2871,34,310,15717721.0,returned,2024-01-07
2872,14,256,2115913.0,shipped,2023-08-21
2873,30,472,21999180.0,pending,2023-02-19
2874,42,390,43446981.0,shipped,2023-09-13
2875,3,135,10853961.0,returned,2023-04-28
2876,15,206,12144143.0,cancelled,2024-07-22
2877,28,444,23404753.0,pending,2023-07-22
2878,33,327,1260576.0,returned,2023-06-25
2879,12,97,31816551.0,cancelled,2023-11-06
2880,48,59,10567286.0,cancelled,2023-08-10
2881,26,42,22285345.0,cancelled,2023-02-28
2882,30,224,16412944.0,cancelled,2023-03-13
2883,35,20,28679381.0,pending,2023-02-15
2884,22,429,20335253.0,shipped,2024-10-09
2885,44,343,12314150.0,shipped,2024-10-26
2886,46,99,11184857.0,returned,2024-08-02
2887,11,201,38443916.0,returned,2023-05-16
2888,8,363,5235499.0,cancelled,2024-06-11
2889,1,96,45036177.0,cancelled,2023-06-12
2890,41,82,10559306.0,pending,2023-02-18
2891,2,346,12706426.0,pending,2023-11-12
2892,21,70,9323705.0,completed,2024-06-19
2893,31,141,39879569.0,completed,2023-09-22
2894,29,372,45445796.0,pending,2024-07-25
2895,17,40,47638392.0,pending,2023-10-06
2896,31,126,27049320.0,pending,2024-04-08
2897,43,10,1987647.0,returned,2024-07-08
2898,40,26,13606100.0,cancelled,2023-09-20
2899,42,447,26154936.0,cancelled,2023-02-19
2900,22,77,30600573.0,cancelled,2023-05-08
2901,11,386,35923421.0,returned,2024-04-10
2902,40,175,15296131.0,cancelled,2024-01-28
2903,34,308,40137012.0,returned,2024-03-24
2904,45,462,5542888.0,pending,2024-06-06
2905,40,340,10429663.0,pending,2024-04-20
2906,43,115,30589879.0,pending,2023-12-13
2907,25,490,44357782.0,completed,2024-10-18
2908,43,377,15889288.0,completed,2023-01-26
2909,46,64,7525296.0,returned,2023-01-04
2910,34,224,14277811.0,completed,2023-11-30
2911,48,468,43789918.0,returned,2024-01-07
2912,43,376,45253325.0,returned,2024-10-06
2913,47,500,11453917.0,pending,2024-07-28
2914,23,172,4554904.0,returned,2024-04-24
2915,49,316,16489198.0,returned,2024-06-30
2916,13,252,29705243.0,completed,2024-11-24
2917,35,49,38556328.0,shipped,2023-06-15
2918,17,19,32596879.0,shipped,2023-07-07
2919,44,382,35665248.0,returned,2023-08-11
2920,50,49,11590345.0,shipped,2024-08-31
2921,9,452,10452004.0,returned,2024-09-05
2922,8,231,15244300.0,completed,2023-10-19
2923,15,386,23980583.0,cancelled,2023-04-22
2924,25,476,42269596.0,returned,2024-03-01
2925,31,292,18773835.0,shipped,2024-05-05
2926,28,224,8487723.0,shipped,2023-12-19
2927,46,480,7891110.0,pending,2024-05-11
2928,39,228,27921481.0,pending,2023-08-02
2929,24,453,34226438.0,returned,2023-12-26
2930,36,137,6875686.0,cancelled,2024-07-30
2931,47,43,24069798.0,pending,2024-08-27
2932,27,118,45652545.0,cancelled,2023-03-29
2933,47,400,657855.0,shipped,2023-03-28
2934,27,28,9077578.0,cancelled,2023-08-01
2935,8,172,44820943.0,shipped,2023-08-09
2936,26,226,19638889.0,pending,2023-01-04
2937,4,397,12175806.0,pending,2024-05-21
2938,20,389,41668809.0,shipped,2024-05-26
2939,39,437,22014551.0,returned,2023-10-12
2940,46,155,19025772.0,shipped,2023-02-04
2941,26,323,42911602.0,completed,2024-05-29
2942,46,428,32441456.0,returned,2023-01-17
2943,46,377,41292748.0,shipped,2024-04-02
2944,16,302,20759507.0,shipped,2024-03-30
2945,1,48,49280997.0,completed,2024-12-23
2946,33,14,15165212.0,cancelled,2023-04-18
2947,48,96,8713337.0,shipped,2024-11-15
2948,17,315,16101980.0,pending,2023-09-16
2949,20,108,28851771.0,pending,2023-07-08
2950,5,205,19455881.0,pending,2024-08-30
2951,33,164,28561988.0,completed,2024-09-22
2952,23,12,1258396.0,cancelled,2024-11-30
2953,36,366,26975482.0,returned,2023-11-03
2954,46,231,32241374.0,cancelled,2024-07-13
2955,1,127,8635036.0,pending,2024-01-25
2956,22,399,39725536.0,completed,2024-11-30
2957,18,177,38366642.0,cancelled,2024-03-11
2958,43,2,37928709.0,cancelled,2024-04-23
2959,50,106,14611525.0,completed,2023-10-08
2960,50,338,47077896.0,shipped,2024-03-19
2961,36,214,47413236.0,pending,2024-06-25
2962,35,304,20597843.0,pending,2023-12-24
2963,48,306,14573833.0,completed,2024-09-27
2964,12,92,3556910.0,shipped,2023-04-30
2965,43,255,9579751.0,pending,2024-06-08
2966,9,235,19089708.0,cancelled,2023-07-13
2967,27,479,43477364.0,shipped,2024-07-13
2968,14,90,7784561.0,cancelled,2023-02-17
2969,32,473,27170181.0,returned,2023-02-27
2970,29,54,31980272.0,returned,2023-03-01
2971,40,122,7109128.0,completed,2024-01-18
2972,3,107,41976376.0,completed,2024-02-12
2973,36,269,38250248.0,shipped,2024-02-05
2974,25,202,47119335.0,cancelled,2023-05-29
2975,35,5,474872.0,returned,2023-04-16
2976,5,126,39289336.0,pending,2023-10-14
2977,8,199,17897305.0,pending,2023-12-11
2978,4,207,14453157.0,cancelled,2024-10-15
2979,14,457,44801704.0,cancelled,2024-10-03
2980,6,115,29513317.0,returned,2023-09-30
2981,24,421,21227671.0,cancelled,2023-11-07
2982,37,215,33919930.0,returned,2024-05-26
2983,33,42,3814771.0,cancelled,2023-11-30
2984,45,37,17548243.0,returned,2024-06-11
2985,19,369,27326609.0,shipped,2024-12-14
2986,37,438,35503488.0,shipped,2023-10-22
2987,20,243,19463173.0,cancelled,2024-01-04
2988,24,284,31821031.0,pending,2023-05-02
2989,41,38,40428977.0,cancelled,2023-01-04
2990,6,242,46514348.0,cancelled,2024-09-27
2991,16,240,4141859.0,completed,2023-09-09
2992,18,197,36939501.0,pending,2024-05-09
2993,12,259,9349069.0,shipped,2023-08-01
2994,31,19,4324540.0,completed,2024-02-07
2995,48,14,13808316.0,shipped,2023-02-24
2996,48,54,11988744.0,completed,2023-09-12
2997,33,416,45972797.0,returned,2023-06-06
2998,20,298,47405268.0,completed,2024-09-05
2999,50,69,2515720.0,completed,2024-06-02
3000,39,33,45514946.0,pending,2024-04-22
3001,48,169,24632249.0,returned,2023-07-04
3002,39,196,31468717.0,pending,2023-04-27
3003,5,81,13522307.0,pending,2024-04-05
3004,7,227,20849087.0,completed,2024-02-02
3005,24,341,2206313.0,cancelled,2023-07-06
3006,11,310,20149057.0,cancelled,2023-08-25
3007,41,274,40372147.0,completed,2024-11-27
3008,43,256,1517804.0,cancelled,2023-02-16
3009,15,264,23723709.0,shipped,2024-02-02
3010,17,36,5531611.0,returned,2023-06-21
3011,31,59,36051436.0,cancelled,2023-09-28
3012,30,323,36149500.0,cancelled,2023-03-09
3013,7,336,40916018.0,pending,2024-07-28
3014,44,389,24027273.0,returned,2024-11-16
3015,4,11,12047938.0,cancelled,2023-05-13
3016,16,490,21237646.0,shipped,2024-05-22
3017,5,305,19352575.0,completed,2023-11-24
3018,8,19,17273553.0,returned,2023-04-27
3019,46,50,18915227.0,completed,2023-12-14
3020,10,114,22026044.0,cancelled,2024-02-19
3021,22,61,47597961.0,pending,2024-05-08
3022,35,231,44663709.0,returned,2023-12-27
3023,12,16,42259732.0,cancelled,2023-10-17
3024,22,206,26636915.0,returned,2023-07-15
3025,24,241,9179071.0,shipped,2024-09-19
3026,13,390,30214237.0,cancelled,2023-08-12
3027,8,63,31297223.0,shipped,2024-06-25
3028,47,144,3344870.0,pending,2024-05-29
3029,5,299,28979558.0,returned,2023-12-19
3030,5,362,16291988.0,returned,2024-08-06
3031,9,459,39542110.0,completed,2023-12-25
3032,3,66,20725432.0,completed,2024-09-29
3033,13,227,38031557.0,cancelled,2024-04-17
3034,36,56,46451629.0,returned,2024-08-08
3035,3,178,15905473.0,cancelled,2024-01-11
3036,20,239,4095375.0,returned,2023-07-27
3037,25,332,7731571.0,cancelled,2023-07-25
3038,43,256,33869966.0,returned,2023-01-16
3039,37,169,32287580.0,shipped,2024-05-28
3040,31,14,49374288.0,shipped,2023-05-22
3041,7,107,42214566.0,completed,2024-07-05
3042,47,314,31046586.0,shipped,2023-01-22
3043,17,358,27092658.0,cancelled,2024-02-23
3044,31,219,18334709.0,completed,2024-06-24
3045,36,362,3808431.0,completed,2024-01-11
3046,39,217,45652471.0,shipped,2023-10-20
3047,22,265,6786730.0,pending,2023-06-24
3048,28,342,3951672.0,returned,2023-12-01
3049,41,462,45529719.0,cancelled,2024-08-31
3050,17,212,36197274.0,pending,2023-10-29
3051,20,98,21840836.0,completed,2024-01-22
3052,24,294,25463652.0,returned,2023-11-20
3053,28,138,31349515.0,cancelled,2023-12-25
3054,12,94,43070377.0,pending,2024-07-19
3055,46,269,3732087.0,cancelled,2024-04-18
3056,31,1,204702.0,returned,2024-06-02
3057,13,470,22838527.0,shipped,2024-02-04
3058,18,329,6866248.0,returned,2024-11-20
3059,9,419,37721394.0,completed,2023-12-25
3060,10,6,23395285.0,completed,2023-05-20
3061,19,203,40993661.0,cancelled,2023-09-07
3062,21,450,22544973.0,completed,2023-11-07
3063,17,171,49063272.0,cancelled,2024-05-26
3064,15,354,45010856.0,shipped,2023-05-23
3065,3,490,26609337.0,returned,2024-06-23
3066,26,231,10154430.0,cancelled,2023-05-09
3067,40,459,36961185.0,shipped,2023-11-21
3068,28,87,20841545.0,pending,2023-08-10
3069,27,49,19844260.0,shipped,2024-12-28
3070,42,69,34128586.0,shipped,2023-02-08
3071,11,403,49704235.0,pending,2024-12-18
3072,29,252,47797534.0,completed,2023-03-15
3073,39,54,6862294.0,pending,2024-03-14
3074,22,95,20355115.0,shipped,2024-03-18
3075,48,361,3818910.0,returned,2024-03-08
3076,44,155,28194589.0,shipped,2023-11-10
3077,47,447,34324841.0,cancelled,2023-11-17
3078,37,273,22167788.0,shipped,2024-09-27
3079,22,414,39878634.0,shipped,2023-08-26
3080,49,97,38931744.0,shipped,2023-07-23
3081,50,164,15838960.0,completed,2023-04-20
3082,27,241,31612011.0,cancelled,2023-10-19
3083,16,454,33404435.0,completed,2024-07-03
3084,40,393,8728389.0,shipped,2023-09-25
3085,38,400,42860365.0,shipped,2024-01-19
3086,14,338,37626320.0,cancelled,2023-02-08
3087,49,238,3201816.0,completed,2024-04-17
3088,25,53,5608429.0,cancelled,2024-04-22
3089,12,462,16306389.0,pending,2024-07-21
3090,31,439,36429821.0,returned,2023-11-10
3091,29,468,10486119.0,pending,2023-01-17
3092,46,470,28724483.0,returned,2024-11-25
3093,19,101,47615532.0,returned,2023-06-05
3094,14,19,48474982.0,returned,2023-09-02
3095,20,263,30848903.0,cancelled,2023-12-22
3096,3,140,18237011.0,cancelled,2023-04-03
3097,26,11,49392866.0,shipped,2023-12-26
3098,41,350,25607810.0,pending,2024-11-29
3099,10,364,47957097.0,returned,2023-05-01
3100,43,168,49939765.0,returned,2024-01-02
3101,24,151,5042410.0,shipped,2023-06-20
3102,11,453,3893702.0,shipped,2023-06-18
3103,27,8,39973075.0,completed,2024-03-03
3104,16,84,11124382.0,pending,2024-01-09
3105,47,218,31139287.0,completed,2023-08-03
3106,24,9,8104251.0,pending,2024-03-26
3107,15,153,8892118.0,pending,2024-06-05
3108,29,416,12569340.0,returned,2023-09-14
3109,37,433,38497874.0,cancelled,2024-05-26
3110,10,228,48514192.0,shipped,2024-06-07
3111,11,448,20762131.0,returned,2024-05-26
3112,43,213,38526294.0,cancelled,2023-04-25
3113,34,435,49350567.0,cancelled,2024-03-27
3114,30,374,38497615.0,completed,2023-02-07
3115,48,465,30733125.0,pending,2024-07-30
3116,42,295,20614740.0,returned,2024-03-15
3117,18,229,11297984.0,pending,2023-06-26
3118,6,408,36501217.0,pending,2024-01-14
3119,11,304,2227001.0,completed,2023-01-04
3120,43,445,23946076.0,completed,2023-10-23
3121,47,98,23495837.0,pending,2024-01-18
3122,47,175,18651966.0,pending,2023-06-11
3123,50,7,13084256.0,pending,2023-12-10
3124,25,305,15400392.0,pending,2024-11-22
3125,41,303,47862982.0,pending,2023-12-16
3126,38,484,46428818.0,shipped,2023-06-23
3127,18,299,48719903.0,completed,2024-12-09
3128,17,147,16868777.0,completed,2023-02-27
3129,27,230,18772566.0,cancelled,2023-03-01
3130,14,169,14411224.0,cancelled,2023-09-19
3131,46,348,32647528.0,returned,2024-05-09
3132,42,116,10774941.0,pending,2023-08-08
3133,11,250,32914627.0,pending,2024-10-19
3134,26,70,3663295.0,returned,2023-08-02
3135,24,489,32687271.0,shipped,2023-10-20
3136,47,184,29722622.0,pending,2023-07-21
3137,33,398,24635056.0,completed,2024-03-30
3138,37,419,22174215.0,returned,2024-06-15
3139,22,240,19976684.0,cancelled,2024-09-09
3140,10,434,11255823.0,shipped,2024-10-17
3141,6,420,36689602.0,pending,2023-03-15
3142,31,412,20651689.0,cancelled,2024-09-12
3143,18,68,32678312.0,cancelled,2024-12-14
3144,16,491,40915108.0,cancelled,2023-06-05
3145,44,309,1925882.0,pending,2023-02-11
3146,41,483,47888311.0,cancelled,2023-01-27
3147,16,385,18155688.0,returned,2024-12-11
3148,20,377,43854647.0,cancelled,2023-05-16
3149,39,23,28547619.0,completed,2023-10-28
3150,22,240,36481445.0,cancelled,2023-02-18
3151,38,52,13063137.0,shipped,2023-08-07
3152,18,250,3007468.0,returned,2024-12-16
3153,13,18,7294286.0,shipped,2024-03-03
3154,38,138,39715685.0,shipped,2023-10-31
3155,3,408,32581991.0,shipped,2023-08-24
3156,49,107,5272901.0,shipped,2024-04-10
3157,25,133,43057568.0,returned,2024-08-31
3158,18,420,25008485.0,cancelled,2023-03-23
3159,29,253,14838663.0,shipped,2024-06-14
3160,40,166,12589250.0,shipped,2024-03-28
3161,16,468,29109182.0,cancelled,2023-09-23
3162,4,132,37854026.0,completed,2023-09-10
3163,35,227,39358357.0,cancelled,2023-10-23
3164,39,182,32707449.0,cancelled,2023-01-10
3165,42,377,26985407.0,pending,2023-11-26
3166,34,265,22389968.0,shipped,2023-08-12
3167,15,185,45865156.0,pending,2024-01-22
3168,5,25,36009745.0,returned,2024-08-24
3169,13,75,32385050.0,cancelled,2023-01-06
3170,5,369,39962538.0,cancelled,2023-12-25
3171,41,18,7534068.0,completed,2023-12-13
3172,7,412,25460359.0,returned,2024-03-17
3173,10,306,15678363.0,returned,2024-10-16
3174,32,292,46159027.0,pending,2023-10-21
3175,42,157,19937666.0,returned,2023-10-23
3176,15,358,21487729.0,shipped,2023-07-05
3177,10,167,35873952.0,completed,2023-02-21
3178,21,214,40494094.0,pending,2024-03-03
3179,22,498,38837463.0,pending,2024-11-09
3180,35,313,44497388.0,returned,2023-04-15
3181,21,319,8203032.0,cancelled,2023-05-30
3182,19,220,29713170.0,returned,2023-08-05
3183,28,255,12517951.0,completed,2023-12-14
3184,3,91,34731071.0,returned,2023-06-01
3185,15,15,27358940.0,returned,2023-07-25
3186,30,438,33354424.0,shipped,2023-10-06
3187,13,258,35690932.0,returned,2023-04-23
3188,10,438,17486675.0,shipped,2024-05-20
3189,20,303,35351129.0,pending,2023-06-29
3190,47,477,19136096.0,shipped,2023-05-01
3191,25,47,206817.0,returned,2023-08-02
3192,38,196,48617159.0,returned,2024-04-09
3193,10,382,42856219.0,completed,2024-11-01
3194,36,483,23525131.0,shipped,2024-08-30
3195,20,168,15636985.0,cancelled,2023-04-24
3196,16,435,13366053.0,cancelled,2024-03-31
3197,14,322,34114615.0,returned,2024-07-15
3198,37,39,37217542.0,shipped,2023-05-10
3199,20,422,38059539.0,pending,2023-05-21
3200,11,58,12415006.0,cancelled,2024-11-14
3201,23,329,46882822.0,pending,2024-11-19
3202,19,261,30815728.0,returned,2023-04-24
3203,22,361,28552980.0,returned,2024-05-30
3204,33,401,34662932.0,pending,2024-07-13
3205,35,290,23831337.0,returned,2023-06-01
3206,48,51,35901454.0,returned,2023-03-01
3207,50,265,32703635.0,cancelled,2024-05-31
3208,47,181,44387921.0,pending,2023-03-14
3209,45,440,2033072.0,completed,2024-06-28
3210,17,226,22560702.0,completed,2024-12-04
3211,48,421,23107961.0,shipped,2023-07-26
3212,18,491,6006548.0,completed,2023-10-08
3213,24,286,25060016.0,shipped,2024-05-20
3214,2,17,1192664.0,completed,2024-08-14
3215,27,86,20139537.0,pending,2024-11-27
3216,49,170,1256025.0,cancelled,2023-01-14
3217,29,50,47538251.0,cancelled,2023-06-07
3218,15,160,46133117.0,pending,2024-09-18
3219,22,451,4726699.0,cancelled,2024-05-01
3220,41,143,8613711.0,returned,2024-01-24
3221,17,90,2983293.0,shipped,2024-08-23
3222,9,85,9976518.0,shipped,2024-09-23
3223,23,440,35863527.0,cancelled,2023-07-13
3224,20,4,44586510.0,pending,2023-03-01
3225,16,100,11040073.0,shipped,2024-08-21
3226,17,426,49068093.0,completed,2023-12-13
3227,2,337,12735378.0,cancelled,2023-02-14
3228,11,129,28207754.0,completed,2024-06-26
3229,12,73,8307128.0,returned,2024-07-03
3230,29,304,48239833.0,returned,2024-07-27
3231,15,142,37375377.0,cancelled,2023-11-11
3232,3,495,30902039.0,returned,2024-02-08
3233,44,499,12972127.0,pending,2024-12-30
3234,22,166,18017965.0,returned,2024-09-06
3235,44,223,11965933.0,cancelled,2023-08-21
3236,1,95,7453318.0,completed,2024-11-08
3237,34,325,38941678.0,pending,2024-03-29
3238,9,242,22487488.0,returned,2024-01-19
3239,17,356,42177848.0,pending,2024-06-20
3240,39,172,7852861.0,completed,2024-01-21
3241,1,309,9453144.0,pending,2024-03-02
3242,47,58,32784276.0,cancelled,2023-01-14
3243,45,208,17385001.0,returned,2024-08-25
3244,25,359,17766215.0,cancelled,2023-02-25
3245,36,41,45193311.0,cancelled,2023-08-04
3246,40,91,18182121.0,shipped,2024-02-20
3247,2,229,20964335.0,shipped,2023-11-25
3248,48,261,12050379.0,cancelled,2024-12-02
3249,14,3,9901401.0,shipped,2023-12-09
3250,5,233,19080409.0,returned,2024-01-20
3251,23,473,25538916.0,returned,2024-01-11
3252,40,323,38051063.0,completed,2023-03-21
3253,45,219,19170963.0,completed,2024-05-05
3254,47,365,22419135.0,cancelled,2024-05-06
3255,24,229,41038594.0,completed,2024-07-08
3256,36,99,35378970.0,pending,2023-02-02
3257,19,30,30798113.0,completed,2024-05-08
3258,14,102,45576446.0,shipped,2024-09-02
3259,21,56,16980460.0,completed,2024-11-14
3260,46,475,34233105.0,cancelled,2023-12-17
3261,37,159,6517248.0,returned,2023-07-28
3262,1,217,41533338.0,completed,2023-10-14
3263,30,257,21980344.0,pending,2024-04-23
3264,39,208,31463341.0,returned,2023-10-27
3265,38,339,14177515.0,returned,2024-11-07
3266,36,216,26440750.0,returned,2023-12-13
3267,16,407,48796599.0,completed,2023-01-11
3268,47,272,10598620.0,cancelled,2023-01-05
3269,35,378,26861058.0,returned,2024-05-27
3270,25,164,11344770.0,returned,2024-12-17
3271,5,379,22638557.0,shipped,2024-04-08
3272,41,55,39602540.0,completed,2023-09-11
3273,8,102,36647238.0,cancelled,2023-06-08
3274,50,144,25782843.0,shipped,2024-03-15
3275,12,398,26281791.0,completed,2024-04-30
3276,1,338,9519176.0,cancelled,2024-07-24
3277,15,254,39620234.0,shipped,2023-03-04
3278,47,147,32903563.0,completed,2024-06-17
3279,36,5,815044.0,shipped,2023-01-01
3280,45,152,33608539.0,returned,2023-06-20
3281,37,463,26510141.0,cancelled,2024-01-28
3282,4,184,40696836.0,completed,2024-10-20
3283,38,340,28576132.0,returned,2023-06-19
3284,44,365,40377098.0,returned,2023-11-15
3285,31,408,46900173.0,shipped,2023-10-21
3286,15,152,22378157.0,completed,2023-04-01
3287,35,331,6981033.0,completed,2023-08-16
3288,17,471,35028247.0,pending,2023-11-01
3289,25,360,18069475.0,completed,2023-12-29
3290,43,406,9415243.0,pending,2023-07-02
3291,7,250,25266286.0,completed,2024-06-20
3292,50,87,14215898.0,returned,2024-10-25
3293,2,110,7609812.0,cancelled,2023-10-07
3294,20,450,17799457.0,completed,2024-08-16
3295,32,78,2812569.0,returned,2023-08-06
3296,21,12,2352737.0,pending,2023-08-01
3297,40,305,813939.0,completed,2024-12-30
3298,26,225,19861241.0,returned,2024-09-04
3299,47,103,28637012.0,pending,2023-05-19
3300,29,28,35264840.0,completed,2024-10-28
3301,26,303,14705782.0,cancelled,2023-08-27
3302,2,40,13135178.0,pending,2024-11-10
3303,13,477,8333091.0,pending,2024-04-30
3304,28,227,123497.0,returned,2024-01-10
3305,37,235,25992185.0,shipped,2023-02-18
3306,16,490,2096781.0,cancelled,2024-01-12
3307,13,153,22634859.0,shipped,2024-06-06
3308,3,255,49071997.0,completed,2023-08-04
3309,48,20,38034867.0,completed,2023-01-17
3310,34,169,47596919.0,cancelled,2024-03-31
3311,40,206,9055955.0,returned,2024-10-03
3312,22,318,13903513.0,cancelled,2024-07-27
3313,44,353,10914809.0,shipped,2023-11-15
3314,13,76,38436253.0,pending,2023-05-24
3315,32,105,40571782.0,pending,2024-01-16
3316,34,363,37647594.0,returned,2023-01-29
3317,14,188,26398909.0,pending,2023-02-02
3318,38,206,24692705.0,returned,2023-05-13
3319,28,303,20204223.0,shipped,2023-08-18
3320,31,9,26516931.0,completed,2024-11-04
3321,36,453,34744656.0,completed,2024-07-16
3322,6,20,6028637.0,pending,2023-09-29
3323,1,298,27246468.0,cancelled,2024-12-26
3324,37,393,22363554.0,shipped,2024-10-07
3325,42,56,43179517.0,cancelled,2024-06-01
3326,35,161,39128333.0,returned,2024-09-09
3327,48,406,39006029.0,completed,2023-09-24
3328,15,135,10294888.0,completed,2024-11-04
3329,38,190,29511251.0,pending,2023-08-12
3330,10,320,25011092.0,returned,2024-10-09
3331,17,86,32451459.0,pending,2024-03-08
3332,43,206,20212350.0,pending,2024-09-13
3333,3,356,8816357.0,pending,2023-03-29
3334,29,220,29886433.0,completed,2024-09-29
3335,34,477,43978614.0,shipped,2023-07-01
3336,37,420,17013055.0,shipped,2023-07-15
3337,44,453,22805280.0,returned,2024-05-11
3338,49,180,27700534.0,shipped,2024-09-01
3339,50,400,14661592.0,pending,2024-04-08
3340,31,23,3975495.0,completed,2023-03-09
3341,20,325,4281754.0,shipped,2024-06-21
3342,17,245,27767515.0,cancelled,2023-05-25
3343,47,73,27134704.0,returned,2024-02-13
3344,41,304,45138254.0,returned,2024-12-26
3345,45,228,10558841.0,returned,2023-05-16
3346,46,60,6548770.0,returned,2023-06-06
3347,9,291,26771133.0,cancelled,2024-08-18
3348,28,280,13575940.0,pending,2024-05-05
3349,19,41,29087472.0,returned,2023-02-02
3350,21,27,12824172.0,cancelled,2024-10-25
3351,40,421,3676018.0,pending,2023-09-03
3352,21,209,43301147.0,cancelled,2023-04-29
3353,33,259,24524577.0,shipped,2024-04-22
3354,15,36,16553436.0,cancelled,2023-04-12
3355,34,209,17632047.0,completed,2023-11-27
3356,12,407,49218267.0,pending,2024-01-02
3357,38,127,12950299.0,pending,2023-06-17
3358,11,218,5090119.0,returned,2023-06-24
3359,49,476,44743538.0,returned,2024-06-03
3360,19,464,17084933.0,shipped,2024-01-30
3361,12,307,27839322.0,returned,2024-02-29
3362,29,328,35604779.0,shipped,2023-11-20
3363,32,41,19033470.0,returned,2024-04-19
3364,23,57,11904984.0,returned,2024-12-26
3365,46,179,11991321.0,pending,2024-04-28
3366,1,424,45981637.0,pending,2024-09-20
3367,1,91,17065942.0,returned,2023-04-28
3368,50,194,44515240.0,cancelled,2023-03-05
3369,40,265,9535951.0,returned,2023-03-05
3370,8,136,29289031.0,returned,2023-03-02
3371,20,247,18605276.0,cancelled,2024-01-26
3372,24,34,30003165.0,shipped,2023-03-10
3373,22,400,27684022.0,cancelled,2024-07-29
3374,48,260,20280133.0,returned,2023-12-29
3375,23,140,31080615.0,pending,2023-09-09
3376,46,272,36813189.0,cancelled,2024-09-17
3377,43,238,7903674.0,completed,2023-12-09
3378,6,51,30994179.0,cancelled,2023-12-14
3379,18,344,15740762.0,returned,2023-09-22
3380,31,105,9743045.0,completed,2024-10-03
3381,5,190,22704232.0,cancelled,2024-04-19
3382,30,457,18618091.0,returned,2023-09-09
3383,47,455,29133977.0,returned,2024-09-18
3384,14,368,6937617.0,shipped,2023-02-06
3385,3,282,19205837.0,returned,2023-04-06
3386,12,323,35757302.0,returned,2023-08-12
3387,45,84,39122005.0,shipped,2024-06-23
3388,38,366,34275840.0,pending,2023-10-21
3389,12,256,36133280.0,completed,2023-11-19
3390,31,60,32206390.0,completed,2023-05-26
3391,14,452,28596643.0,cancelled,2024-02-18
3392,19,55,36904811.0,pending,2023-08-06
3393,19,159,28487661.0,cancelled,2023-12-09
3394,30,112,48559779.0,returned,2024-04-06
3395,12,108,24536542.0,cancelled,2024-02-22
3396,2,193,16596698.0,completed,2023-06-05
3397,4,244,8713234.0,completed,2024-03-17
3398,35,455,23697650.0,shipped,2023-02-08
3399,32,23,38201987.0,completed,2024-06-28
3400,13,487,41704071.0,completed,2023-06-14
3401,15,8,29441165.0,pending,2024-06-27
3402,7,370,48916970.0,pending,2024-07-03
3403,30,131,31724743.0,pending,2024-11-01
3404,10,59,35789002.0,completed,2023-06-28
3405,9,294,42313361.0,completed,2023-07-08
3406,16,367,23098816.0,completed,2024-05-02
3407,47,415,35411103.0,returned,2023-04-17
3408,12,486,49742589.0,returned,2023-10-05
3409,17,267,29260855.0,pending,2023-09-24
3410,30,224,41641920.0,completed,2023-01-13
3411,49,106,12773134.0,shipped,2024-01-24
3412,11,284,37764751.0,returned,2023-03-28
3413,27,149,5664585.0,cancelled,2023-03-02
3414,33,47,17548438.0,shipped,2023-12-22
3415,3,487,17270278.0,cancelled,2024-12-19
3416,23,173,24273205.0,pending,2024-03-05
3417,22,261,4092866.0,shipped,2024-11-28
3418,18,221,40898597.0,shipped,2023-07-18
3419,10,189,21936362.0,shipped,2023-02-07
3420,4,216,11896334.0,cancelled,2024-06-07
3421,44,347,49897205.0,pending,2024-01-16
3422,10,201,17376305.0,cancelled,2024-08-25
3423,28,441,40831076.0,pending,2023-02-01
3424,13,421,32088672.0,shipped,2024-09-09
3425,25,324,9351075.0,cancelled,2023-04-04
3426,49,144,9939438.0,pending,2024-03-20
3427,11,135,21421101.0,returned,2023-07-12
3428,12,127,35174039.0,pending,2024-03-10
3429,32,88,5323858.0,pending,2024-05-09
3430,36,90,18621103.0,completed,2024-02-10
3431,3,107,20425519.0,pending,2024-03-19
3432,39,138,17705959.0,cancelled,2024-11-10
3433,4,122,32224720.0,returned,2023-01-15
3434,33,189,30497772.0,shipped,2024-05-06
3435,24,349,46023810.0,cancelled,2023-09-27
3436,1,42,33021833.0,pending,2023-01-29
3437,49,54,40039541.0,shipped,2024-10-19
3438,41,93,29879737.0,completed,2024-09-02
3439,41,399,36973532.0,shipped,2024-09-02
3440,8,419,40568849.0,completed,2024-09-29
3441,39,243,4376170.0,completed,2023-08-17
3442,28,458,13140283.0,completed,2024-06-17
3443,20,430,46474842.0,completed,2024-11-22
3444,30,122,1318196.0,cancelled,2024-02-13
3445,43,312,33217800.0,pending,2023-12-05
3446,47,92,20150797.0,shipped,2023-01-28
3447,9,358,22504004.0,cancelled,2024-07-22
3448,2,419,4504395.0,cancelled,2024-11-07
3449,17,43,38759672.0,returned,2023-01-19
3450,41,354,43338430.0,cancelled,2023-09-30
3451,13,159,2584943.0,completed,2024-08-23
3452,48,195,26628398.0,shipped,2024-11-29
3453,26,275,16687179.0,cancelled,2024-06-18
3454,23,332,19030565.0,returned,2023-08-02
3455,16,61,48292005.0,pending,2023-06-05
3456,10,206,14273052.0,pending,2024-06-26
3457,5,296,34054357.0,cancelled,2024-02-08
3458,11,438,26912058.0,pending,2024-08-03
3459,37,136,10164796.0,cancelled,2024-11-01
3460,6,63,32910148.0,returned,2024-02-17
3461,33,94,36746873.0,returned,2024-11-17
3462,19,17,11603817.0,cancelled,2024-07-28
3463,49,226,48237930.0,completed,2023-10-08
3464,38,379,48207315.0,shipped,2024-06-28
3465,22,357,31545169.0,cancelled,2023-07-08
3466,36,217,19873965.0,returned,2023-04-28
3467,40,197,29406616.0,returned,2023-09-19
3468,43,421,40005662.0,cancelled,2023-04-12
3469,26,348,2144268.0,pending,2023-08-14
3470,3,69,1827606.0,pending,2024-02-04
3471,39,89,42220689.0,pending,2023-05-01
3472,11,322,1301982.0,cancelled,2024-02-17
3473,47,489,36065929.0,shipped,2024-12-20
3474,34,309,10180554.0,cancelled,2024-10-23
3475,4,365,34196769.0,completed,2024-02-08
3476,48,39,42285906.0,shipped,2024-07-01
3477,12,98,24752453.0,shipped,2024-10-12
3478,46,33,2633837.0,completed,2024-02-10
3479,5,138,19541086.0,completed,2024-11-14
3480,24,100,19159935.0,shipped,2023-05-15
3481,41,328,24065467.0,shipped,2024-03-18
3482,46,237,36968914.0,shipped,2023-06-03
3483,19,372,1892555.0,returned,2024-08-07
3484,33,189,15485101.0,pending,2024-09-10
3485,19,458,11885662.0,returned,2024-09-25
3486,11,151,48906844.0,cancelled,2024-05-09
3487,39,395,4460582.0,shipped,2023-02-08
3488,35,301,30837246.0,cancelled,2023-03-01
3489,1,406,25769028.0,cancelled,2023-02-12
3490,18,196,31108100.0,cancelled,2024-03-08
3491,22,415,21469625.0,completed,2023-10-18
3492,43,442,24199129.0,pending,2023-03-24
3493,36,454,12861346.0,cancelled,2024-11-08
3494,24,146,48866137.0,cancelled,2024-07-07
3495,47,305,26176041.0,cancelled,2023-12-28
3496,30,256,20498063.0,cancelled,2024-12-08
3497,32,417,12866961.0,shipped,2024-10-09
3498,40,436,40463816.0,shipped,2023-08-30
3499,19,365,45559757.0,shipped,2023-08-08
3500,20,126,27765053.0,completed,2024-10-16
3501,37,127,14161778.0,cancelled,2023-04-20
3502,38,7,30575158.0,completed,2024-07-13
3503,33,291,13562412.0,completed,2024-03-03
3504,39,15,18372733.0,pending,2024-07-04
3505,19,465,22393763.0,pending,2023-07-08
3506,20,423,40326988.0,cancelled,2023-07-08
3507,16,419,22492271.0,returned,2024-11-30
3508,39,199,4785748.0,pending,2024-12-25
3509,1,120,3072858.0,returned,2024-01-30
3510,25,218,12215844.0,returned,2024-11-08
3511,1,202,46430295.0,returned,2024-04-29
3512,14,49,9847923.0,cancelled,2023-11-03
3513,24,382,42516101.0,cancelled,2024-11-06
3514,23,105,38514383.0,returned,2023-12-09
3515,29,25,34706634.0,pending,2023-11-17
3516,27,486,19240418.0,returned,2023-12-28
3517,13,290,11399228.0,cancelled,2023-04-13
3518,29,306,43413671.0,pending,2024-03-06
3519,15,219,21171725.0,cancelled,2023-04-25
3520,48,163,47278204.0,cancelled,2024-05-05
3521,40,319,48011888.0,pending,2023-09-23
3522,19,166,39437896.0,returned,2024-05-28
3523,40,380,11728891.0,completed,2024-04-09
3524,10,326,39394070.0,cancelled,2024-03-29
3525,15,462,9196843.0,returned,2023-01-29
3526,47,323,18272239.0,pending,2023-08-10
3527,38,303,37669410.0,pending,2023-08-07
3528,11,32,12192874.0,shipped,2024-10-08
3529,11,210,34923282.0,pending,2023-12-08
3530,37,232,29073498.0,completed,2023-03-26
3531,46,181,17250310.0,cancelled,2024-06-14
3532,35,205,46775164.0,cancelled,2023-08-19
3533,22,3,37212224.0,cancelled,2024-02-03
3534,41,233,13281380.0,completed,2024-08-11
3535,23,221,41139915.0,cancelled,2024-11-09
3536,46,424,48657924.0,pending,2024-07-25
3537,10,424,12848259.0,cancelled,2023-10-11
3538,10,431,19832959.0,cancelled,2023-02-16
3539,7,262,23899110.0,completed,2024-02-25
3540,38,233,6031765.0,returned,2023-11-19
3541,5,224,17499998.0,pending,2023-03-17
3542,37,283,39484179.0,shipped,2024-01-12
3543,27,181,28314417.0,shipped,2024-04-05
3544,13,45,37953587.0,cancelled,2024-11-29
3545,41,477,2621157.0,shipped,2023-07-17
3546,45,267,38855114.0,returned,2023-11-28
3547,29,94,29896356.0,returned,2024-07-27
3548,39,427,9508089.0,pending,2024-05-10
3549,49,232,1826362.0,returned,2023-01-25
3550,1,226,34095850.0,completed,2024-10-16
3551,24,39,38374106.0,cancelled,2024-08-25
3552,5,385,27241267.0,returned,2023-08-22
3553,48,499,6206370.0,cancelled,2024-12-03
3554,37,268,3705809.0,shipped,2024-08-31
3555,14,137,16084686.0,cancelled,2024-05-26
3556,8,482,31320925.0,returned,2023-08-03
3557,18,412,1769397.0,shipped,2023-04-27
3558,18,432,43347718.0,completed,2024-12-09
3559,37,273,48401810.0,cancelled,2023-03-26
3560,21,496,12363414.0,completed,2024-04-04
3561,9,40,27395923.0,pending,2024-05-30
3562,2,302,37361795.0,completed,2023-06-13
3563,20,105,5604656.0,shipped,2024-05-08
3564,21,393,36488378.0,completed,2023-08-21
3565,35,298,4379309.0,cancelled,2024-03-17
3566,1,462,9867045.0,returned,2024-09-18
3567,7,25,17225585.0,cancelled,2024-10-12
3568,22,98,47167342.0,shipped,2023-06-18
3569,6,387,17508727.0,returned,2024-05-07
3570,2,115,47954225.0,returned,2024-03-19
3571,37,407,34965160.0,cancelled,2024-09-08
3572,7,238,36767779.0,shipped,2023-07-18
3573,28,285,21975196.0,shipped,2024-06-24
3574,3,175,36358827.0,shipped,2024-02-17
3575,12,417,19056669.0,shipped,2023-03-08
3576,2,424,28205234.0,returned,2023-02-24
3577,13,467,29535147.0,cancelled,2023-06-01
3578,4,350,15132408.0,completed,2024-05-21
3579,50,488,20252235.0,shipped,2024-03-28
3580,22,478,17915950.0,returned,2023-06-26
3581,32,400,11999582.0,completed,2023-03-12
3582,37,142,28734707.0,returned,2023-05-16
3583,7,331,8548749.0,cancelled,2024-10-18
3584,10,373,23527673.0,cancelled,2024-12-16
3585,44,417,22651664.0,cancelled,2024-08-13
3586,9,498,40817734.0,cancelled,2023-01-18
3587,10,363,6565987.0,shipped,2023-05-19
3588,10,276,20216807.0,completed,2023-06-03
3589,40,449,48120532.0,completed,2023-03-09
3590,23,399,12879030.0,completed,2024-12-16
3591,3,94,43247858.0,pending,2023-01-03
3592,44,419,67783.0,returned,2023-03-03
3593,41,464,14412154.0,returned,2024-02-11
3594,46,368,32398593.0,cancelled,2024-08-09
3595,7,100,37370871.0,completed,2024-06-13
3596,2,386,34500856.0,returned,2023-02-13
3597,50,336,12345461.0,completed,2024-11-27
3598,27,31,42691345.0,shipped,2023-07-01
3599,24,182,12546554.0,shipped,2023-10-04
3600,6,434,25897265.0,pending,2024-01-12
3601,22,228,18813435.0,completed,2024-06-29
3602,2,305,29786331.0,cancelled,2023-04-07
3603,12,467,18408839.0,cancelled,2023-12-22
3604,4,40,38504782.0,returned,2023-02-24
3605,48,56,37319316.0,returned,2024-02-19
3606,47,115,49023138.0,returned,2023-11-05
3607,36,321,44594947.0,pending,2023-09-09
3608,27,169,8332180.0,pending,2024-08-23
3609,24,319,37657082.0,pending,2024-10-14
3610,43,410,722608.0,shipped,2023-04-12
3611,14,62,27332980.0,cancelled,2023-11-15
3612,18,39,14250464.0,shipped,2024-10-16
3613,12,417,5980894.0,shipped,2024-01-15
3614,40,441,43027098.0,completed,2023-08-25
3615,3,69,34094903.0,shipped,2024-06-08
3616,27,359,21395683.0,pending,2023-08-10
3617,24,409,33006928.0,shipped,2024-04-08
3618,27,362,9914612.0,completed,2024-05-14
3619,48,425,24047030.0,completed,2024-09-18
3620,17,362,10199171.0,completed,2024-04-26
3621,27,390,29590462.0,returned,2023-05-14
3622,45,320,43968184.0,completed,2023-12-24
3623,47,432,39832416.0,shipped,2024-10-14
3624,18,221,46276105.0,pending,2023-09-15
3625,34,212,45208047.0,completed,2024-06-28
3626,31,278,45761031.0,returned,2023-10-22
3627,19,85,10884902.0,cancelled,2024-12-04
3628,43,179,4523668.0,completed,2023-06-19
3629,48,490,18601807.0,completed,2023-05-20
3630,16,212,38237649.0,pending,2024-03-25
3631,22,229,3662316.0,shipped,2023-05-08
3632,20,150,45054182.0,pending,2023-11-16
3633,35,76,18943802.0,returned,2023-06-30
3634,50,414,10975244.0,pending,2023-12-10
3635,50,104,29661451.0,completed,2024-07-06
3636,47,222,18622903.0,cancelled,2023-08-06
3637,31,244,24650511.0,returned,2024-11-01
3638,38,87,47511218.0,completed,2024-10-30
3639,18,162,39185759.0,completed,2023-03-16
3640,40,135,6010889.0,cancelled,2024-09-15
3641,13,309,13717749.0,cancelled,2024-07-25
3642,12,310,20981111.0,returned,2023-04-06
3643,41,65,5818821.0,pending,2024-12-29
3644,30,417,19855594.0,cancelled,2023-02-12
3645,23,314,13872702.0,shipped,2023-11-23
3646,25,194,39946902.0,pending,2023-11-02
3647,22,282,22971214.0,shipped,2023-01-01
3648,14,325,43813000.0,pending,2024-12-02
3649,37,110,35177853.0,pending,2024-09-12
3650,20,203,15101658.0,cancelled,2023-05-12
3651,50,344,5448457.0,pending,2024-06-14
3652,41,173,5225291.0,cancelled,2024-06-23
3653,16,308,39532398.0,pending,2023-09-20
3654,29,288,22801246.0,cancelled,2023-05-28
3655,47,318,28001330.0,pending,2023-02-04
3656,9,15,5178058.0,shipped,2023-03-12
3657,10,416,29370404.0,pending,2024-02-06
3658,32,232,6198263.0,cancelled,2024-05-07
3659,26,294,18608580.0,pending,2023-10-07
3660,50,164,30921070.0,shipped,2023-03-25
3661,48,206,16943988.0,completed,2024-10-10
3662,14,67,41058949.0,shipped,2024-07-11
3663,27,243,12763905.0,cancelled,2023-07-29
3664,49,287,28577207.0,returned,2024-02-23
3665,6,114,18937709.0,returned,2024-09-08
3666,2,87,49846826.0,cancelled,2023-05-23
3667,50,34,47063888.0,shipped,2023-02-14
3668,46,299,49164862.0,returned,2023-08-09
3669,7,9,17943088.0,pending,2023-08-25
3670,2,465,2001696.0,completed,2024-04-16
3671,18,123,4963321.0,pending,2023-08-10
3672,19,207,31917117.0,cancelled,2024-08-27
3673,47,495,42482392.0,shipped,2024-01-13
3674,15,428,40325459.0,pending,2023-10-21
3675,3,338,26232311.0,returned,2023-10-30
3676,31,118,45681595.0,cancelled,2024-05-19
3677,8,131,34905483.0,returned,2024-04-21
3678,49,482,5058944.0,completed,2023-12-27
3679,6,441,13585108.0,returned,2024-12-01
3680,42,398,5343671.0,returned,2023-02-25
3681,22,131,15181773.0,cancelled,2023-06-21
3682,11,27,17092670.0,pending,2023-12-01
3683,29,356,38845353.0,shipped,2024-10-25
3684,40,351,32199900.0,pending,2024-07-24
3685,15,8,6513653.0,pending,2024-06-19
3686,1,485,9008566.0,shipped,2024-01-09
3687,21,355,49348576.0,shipped,2024-07-20
3688,46,366,7647347.0,shipped,2024-01-03
3689,48,413,13007746.0,pending,2024-05-07
3690,22,228,17547270.0,shipped,2024-02-19
3691,22,120,38988900.0,cancelled,2023-09-18
3692,9,1,3220862.0,shipped,2023-09-09
3693,47,151,33438000.0,returned,2024-01-10
3694,47,456,18708258.0,cancelled,2024-02-23
3695,27,430,31612690.0,returned,2024-10-17
3696,31,344,39726336.0,shipped,2024-05-18
3697,37,280,21000410.0,returned,2024-03-02
3698,32,160,7989270.0,shipped,2023-07-05
3699,12,496,23362174.0,returned,2023-05-13
3700,30,163,36583822.0,returned,2023-06-26
3701,11,345,753152.0,completed,2023-04-26
3702,40,236,35125309.0,shipped,2024-02-02
3703,14,30,26233021.0,pending,2023-08-14
3704,17,314,49451794.0,cancelled,2023-12-18
3705,31,5,48824808.0,cancelled,2024-12-03
3706,20,475,28593213.0,completed,2023-10-27
3707,33,198,1240322.0,completed,2023-05-25
3708,1,337,45329417.0,returned,2024-05-26
3709,3,132,31771352.0,completed,2023-12-07
3710,2,393,43782948.0,shipped,2024-03-15
3711,29,492,26927106.0,completed,2024-05-12
3712,50,225,47670102.0,completed,2023-04-16
3713,47,337,19120823.0,cancelled,2023-07-12
3714,22,44,28332402.0,completed,2023-04-10
3715,40,6,41843877.0,returned,2024-12-06
3716,4,384,21910035.0,cancelled,2023-09-28
3717,25,444,7360307.0,returned,2024-08-22
3718,46,287,19663816.0,shipped,2024-07-28
3719,38,303,2953578.0,shipped,2024-03-26
3720,38,392,15360364.0,shipped,2023-09-18
3721,6,303,22745977.0,cancelled,2023-07-09
3722,17,396,25078689.0,returned,2024-12-22
3723,43,347,32536830.0,returned,2023-12-14
3724,35,48,11298587.0,completed,2024-06-25
3725,40,499,8574258.0,pending,2023-11-06
3726,45,346,28092592.0,cancelled,2024-02-13
3727,8,331,43380570.0,shipped,2023-06-26
3728,16,375,24655795.0,returned,2023-01-18
3729,15,456,3096458.0,returned,2024-12-25
3730,35,248,45468897.0,pending,2023-04-04
3731,50,14,4002980.0,pending,2024-09-27
3732,36,64,30067919.0,returned,2024-04-10
3733,6,468,22585044.0,pending,2023-12-04
3734,35,371,38797604.0,completed,2024-01-31
3735,21,21,13898250.0,shipped,2024-02-11
3736,41,314,9170598.0,returned,2024-03-04
3737,23,125,32416251.0,pending,2023-01-05
3738,8,238,32748344.0,shipped,2024-05-19
3739,35,93,21314852.0,returned,2023-05-29
3740,13,108,14108828.0,returned,2024-11-06
3741,21,266,48938009.0,completed,2023-09-23
3742,29,233,48059924.0,pending,2024-08-10
3743,12,483,23879164.0,pending,2024-01-11
3744,50,48,26702326.0,cancelled,2023-11-20
3745,46,282,14325992.0,shipped,2024-03-11
3746,50,289,40495331.0,completed,2023-08-25
3747,12,238,24421524.0,returned,2023-01-21
3748,2,326,46532976.0,returned,2024-10-19
3749,15,241,42007251.0,shipped,2024-07-24
3750,4,436,46906477.0,pending,2024-06-12
3751,42,445,31962756.0,pending,2023-08-11
3752,40,279,2568021.0,returned,2023-06-22
3753,13,319,20369975.0,returned,2023-04-18
3754,28,13,47509726.0,returned,2023-02-14
3755,10,461,4422308.0,shipped,2023-04-21
3756,18,86,35727485.0,pending,2023-10-18
3757,40,352,18100203.0,completed,2023-05-23
3758,18,119,40374024.0,completed,2024-08-27
3759,22,236,32365442.0,cancelled,2024-06-12
3760,5,329,35915244.0,returned,2024-06-19
3761,28,445,20179796.0,shipped,2024-01-06
3762,47,482,45244139.0,completed,2024-11-03
3763,27,113,29589933.0,completed,2024-01-30
3764,7,439,36446848.0,returned,2024-11-16
3765,16,353,8300245.0,cancelled,2023-01-10
3766,28,168,11018090.0,shipped,2023-08-08
3767,39,58,18970111.0,returned,2024-08-22
3768,25,183,48747562.0,shipped,2024-11-15
3769,37,62,49554435.0,returned,2024-02-11
3770,20,355,27416529.0,returned,2023-03-31
3771,47,500,26375297.0,completed,2024-09-20
3772,14,488,28674149.0,cancelled,2024-07-30
3773,31,222,37686464.0,returned,2023-11-03
3774,47,262,36796660.0,returned,2024-09-26
3775,23,463,4248486.0,pending,2024-09-04
3776,4,335,19351252.0,completed,2023-09-26
3777,36,328,20919638.0,shipped,2024-11-13
3778,27,386,17940761.0,returned,2023-08-31
3779,4,194,35533397.0,shipped,2024-12-29
3780,20,481,33462225.0,shipped,2023-11-22
3781,14,19,5076454.0,pending,2023-09-22
3782,49,50,45547569.0,shipped,2023-11-16
3783,45,172,6194130.0,completed,2024-01-13
3784,45,123,29724539.0,pending,2024-03-17
3785,22,99,7767035.0,shipped,2024-07-31
3786,13,413,26803608.0,pending,2024-10-08
3787,13,161,5469358.0,pending,2023-07-14
3788,49,432,1262701.0,returned,2024-06-28
3789,18,229,22224045.0,pending,2023-04-26
3790,43,223,23318446.0,cancelled,2024-08-12
3791,26,423,19050418.0,completed,2024-01-12
3792,47,338,43314442.0,cancelled,2023-10-26
3793,27,18,46402010.0,shipped,2024-10-01
3794,27,466,3474605.0,shipped,2023-03-25
3795,9,481,24547383.0,cancelled,2024-07-15
3796,46,54,36310865.0,shipped,2024-08-02
3797,21,109,16506296.0,cancelled,2023-11-08
3798,48,359,29821564.0,returned,2024-05-25
3799,24,496,24422349.0,pending,2023-12-10
3800,50,334,49635195.0,cancelled,2024-10-11
3801,38,455,35890277.0,shipped,2024-12-05
3802,26,91,16265366.0,cancelled,2024-11-11
3803,10,222,14431863.0,returned,2024-11-18
3804,18,279,26931533.0,completed,2024-08-31
3805,27,103,33205010.0,pending,2024-01-12
3806,50,42,45520273.0,completed,2023-07-12
3807,3,112,545641.0,returned,2024-08-01
3808,37,231,28202712.0,pending,2023-03-28
3809,33,253,6717343.0,shipped,2024-11-09
3810,5,307,43659441.0,completed,2023-05-30
3811,25,264,14768879.0,completed,2024-11-02
3812,27,196,4615318.0,pending,2024-08-01
3813,10,453,13891722.0,pending,2024-08-23
3814,34,423,26797595.0,pending,2024-06-10
3815,49,201,18793053.0,completed,2024-04-18
3816,5,252,45502590.0,completed,2024-07-04
3817,21,23,23789268.0,returned,2024-07-14
3818,16,244,22276941.0,pending,2023-03-24
3819,48,481,28930473.0,shipped,2023-02-09
3820,1,387,42153149.0,pending,2023-04-07
3821,34,160,2308408.0,cancelled,2023-01-10
3822,21,467,43162081.0,pending,2023-07-21
3823,17,293,1442102.0,shipped,2024-03-03
3824,42,368,27424347.0,returned,2024-04-07
3825,44,196,19972731.0,cancelled,2023-02-15
3826,38,286,49412943.0,completed,2024-03-09
3827,28,324,11332049.0,returned,2023-06-30
3828,6,198,45333760.0,returned,2023-02-05
3829,19,460,35009000.0,shipped,2024-11-21
3830,1,344,11191201.0,returned,2024-12-01
3831,32,127,39669893.0,pending,2024-09-18
3832,28,48,13622909.0,cancelled,2024-09-21
3833,23,109,43184898.0,cancelled,2024-10-10
3834,47,410,35968697.0,shipped,2024-05-20
3835,43,168,7629858.0,shipped,2023-10-23
3836,8,413,15268839.0,cancelled,2023-07-12
3837,34,20,24472565.0,cancelled,2023-02-11
3838,15,454,9989434.0,returned,2023-05-09
3839,24,165,176654.0,shipped,2023-09-19
3840,13,326,8070485.0,returned,2024-07-09
3841,31,95,18656992.0,shipped,2024-01-11
3842,16,168,38476885.0,pending,2024-12-05
3843,23,394,46483460.0,returned,2024-02-22
3844,30,497,6130027.0,shipped,2024-01-08
3845,16,221,33996147.0,cancelled,2023-04-29
3846,19,231,45623673.0,shipped,2023-01-21
3847,22,413,37821203.0,cancelled,2024-01-01
3848,42,247,8969866.0,shipped,2024-05-14
3849,43,360,14371388.0,cancelled,2024-11-13
3850,36,298,3697626.0,shipped,2024-01-03
3851,32,370,17258748.0,cancelled,2024-06-02
3852,19,459,500764.0,shipped,2023-06-07
3853,8,217,44402936.0,pending,2024-02-05
3854,6,9,41938799.0,pending,2023-12-30
3855,32,62,30273374.0,pending,2023-01-19
3856,41,219,44505110.0,completed,2024-02-26
3857,41,405,10005740.0,completed,2023-09-12
3858,32,119,18763371.0,cancelled,2024-01-23
3859,12,162,46504802.0,shipped,2024-02-15
3860,5,135,839765.0,cancelled,2024-12-29
3861,20,99,21188296.0,pending,2024-06-13
3862,31,195,17531516.0,completed,2023-08-20
3863,25,458,46965472.0,pending,2023-01-05
3864,50,171,33251402.0,completed,2023-10-10
3865,15,264,16508442.0,shipped,2024-07-17
3866,50,88,18085726.0,returned,2023-11-28
3867,50,451,29490409.0,completed,2023-05-26
3868,12,130,12654669.0,cancelled,2024-09-30
3869,5,382,39518778.0,returned,2024-05-13
3870,1,241,32088266.0,returned,2024-04-12
3871,46,302,19713688.0,returned,2024-12-31
3872,9,109,45026469.0,pending,2023-09-08
3873,47,425,44123314.0,returned,2024-05-08
3874,25,406,8270327.0,cancelled,2024-12-02
3875,47,475,30080755.0,cancelled,2024-03-17
3876,23,481,48711256.0,pending,2023-07-02
3877,41,48,30579576.0,pending,2023-03-20
3878,23,347,40703541.0,cancelled,2024-04-16
3879,29,315,13944580.0,returned,2024-09-10
3880,26,203,4845604.0,pending,2024-08-12
3881,5,338,15637795.0,returned,2024-12-08
3882,43,49,31238788.0,cancelled,2023-12-20
3883,2,52,9342046.0,shipped,2023-02-22
3884,46,415,7776600.0,returned,2023-06-11
3885,2,129,29677260.0,completed,2024-07-23
3886,17,337,23703073.0,pending,2024-11-27
3887,5,358,2605888.0,pending,2023-10-05
3888,32,46,28871857.0,completed,2023-11-21
3889,23,211,3978264.0,shipped,2024-06-19
3890,18,410,21254371.0,shipped,2024-11-20
3891,43,353,18687240.0,cancelled,2024-11-28
3892,16,235,32984020.0,shipped,2024-03-06
3893,17,193,22731386.0,shipped,2024-08-18
3894,2,105,38698548.0,cancelled,2024-08-16
3895,9,432,36365396.0,returned,2023-09-30
3896,50,463,39011961.0,cancelled,2024-07-12
3897,3,155,31627626.0,completed,2024-03-03
3898,43,437,24761028.0,shipped,2023-06-20
3899,40,397,28312058.0,returned,2023-07-16
3900,1,93,16553621.0,shipped,2023-04-14
3901,45,497,9235095.0,returned,2023-12-25
3902,49,7,35110753.0,shipped,2023-03-25
3903,2,18,12143740.0,returned,2023-09-15
3904,46,71,35162937.0,cancelled,2024-05-13
3905,48,48,39951505.0,pending,2024-03-26
3906,9,10,14026997.0,returned,2024-01-27
3907,49,378,20837704.0,completed,2023-09-06
3908,22,341,47460464.0,completed,2023-12-18
3909,46,168,45711706.0,pending,2023-12-28
3910,25,355,35431871.0,pending,2023-09-12
3911,11,197,4944245.0,shipped,2024-10-04
3912,39,237,40846572.0,completed,2023-05-04
3913,28,223,4857439.0,pending,2024-04-03
3914,7,227,36486007.0,completed,2023-01-28
3915,20,242,15949563.0,returned,2024-02-12
3916,42,53,39216425.0,returned,2023-06-20
3917,3,415,25752324.0,pending,2024-06-24
3918,45,434,3715884.0,cancelled,2024-03-26
3919,24,28,20343049.0,returned,2023-09-07
3920,38,381,10136844.0,returned,2024-03-07
3921,38,262,35129476.0,cancelled,2024-11-25
3922,37,223,41296749.0,completed,2023-08-05
3923,12,202,18988946.0,cancelled,2024-07-02
3924,36,389,32609903.0,returned,2024-08-16
3925,41,132,16587056.0,pending,2024-01-10
3926,46,191,5766457.0,pending,2024-11-22
3927,18,89,304362.0,completed,2023-11-17
3928,1,350,42581788.0,returned,2023-10-22
3929,40,421,9177150.0,shipped,2023-01-21
3930,20,221,30409436.0,cancelled,2023-02-28
3931,25,309,31974963.0,pending,2024-02-22
3932,35,495,44547760.0,completed,2024-05-27
3933,45,500,11211239.0,pending,2024-01-31
3934,48,412,10964644.0,returned,2024-04-24
3935,7,340,40517948.0,cancelled,2023-09-01
3936,13,430,12763824.0,completed,2023-05-25
3937,23,453,45052053.0,completed,2023-11-06
3938,12,2,263362.0,returned,2023-03-12
3939,47,256,39633099.0,returned,2023-10-14
3940,41,114,48511400.0,returned,2023-07-16
3941,50,344,33603327.0,pending,2024-01-03
3942,29,412,46758422.0,cancelled,2023-02-17
3943,41,85,47058619.0,returned,2023-01-21
3944,18,380,716947.0,pending,2024-04-08
3945,44,355,26241162.0,shipped,2024-05-05
3946,35,487,2573863.0,pending,2024-06-05
3947,27,439,39758292.0,returned,2023-12-28
3948,13,324,35041061.0,returned,2024-04-06
3949,31,428,6950023.0,pending,2023-09-02
3950,15,20,42474117.0,pending,2024-02-06
3951,37,267,6417784.0,returned,2024-04-08
3952,2,297,42335518.0,pending,2023-12-06
3953,43,167,12086257.0,shipped,2024-11-30
3954,31,252,42839363.0,cancelled,2023-05-06
3955,13,225,19873640.0,completed,2023-04-05
3956,23,137,17803983.0,returned,2023-10-20
3957,4,165,19927036.0,completed,2024-05-08
3958,24,53,40699021.0,pending,2023-07-11
3959,6,58,35389646.0,shipped,2024-05-20
3960,14,289,14728352.0,cancelled,2023-08-05
3961,45,392,21323402.0,pending,2024-08-05
3962,37,137,19761681.0,cancelled,2023-03-30
3963,20,37,40936867.0,returned,2024-10-27
3964,3,163,22897695.0,cancelled,2023-07-17
3965,28,368,12352156.0,pending,2024-03-03
3966,27,372,47316106.0,completed,2024-02-18
3967,28,315,27538969.0,cancelled,2023-08-10
3968,30,290,48249949.0,pending,2024-05-26
3969,36,288,39210250.0,completed,2023-04-26
3970,36,206,39201942.0,cancelled,2024-10-18
3971,8,109,12527479.0,shipped,2024-10-24
3972,30,16,2526129.0,completed,2024-06-14
3973,10,351,7028400.0,pending,2024-07-09
3974,6,435,38211442.0,pending,2024-11-02
3975,23,290,49150612.0,completed,2023-06-14
3976,7,306,24942743.0,pending,2024-07-22
3977,28,190,21621525.0,pending,2024-05-25
3978,30,210,43597763.0,cancelled,2024-05-12
3979,22,356,499234.0,pending,2023-06-17
3980,44,51,6064105.0,completed,2024-04-03
3981,49,320,18364272.0,cancelled,2023-10-29
3982,25,101,520166.0,shipped,2023-12-22
3983,43,46,33632323.0,completed,2023-09-03
3984,38,237,21260503.0,completed,2023-09-22
3985,28,253,22571325.0,completed,2024-07-19
3986,2,286,4683718.0,shipped,2023-08-02
3987,47,275,1844798.0,pending,2024-06-18
3988,43,349,6946193.0,pending,2023-04-19
3989,11,477,6984087.0,shipped,2023-01-12
3990,14,75,39940980.0,returned,2023-02-23
3991,34,452,39866117.0,shipped,2023-05-24
3992,31,247,7328840.0,pending,2024-12-27
3993,25,479,4776484.0,completed,2023-12-23
3994,17,50,39294153.0,shipped,2024-02-20
3995,19,184,24420506.0,returned,2024-01-16
3996,33,437,49684638.0,completed,2023-08-12
3997,19,59,39198528.0,returned,2024-09-22
3998,35,429,44302368.0,completed,2023-02-13
3999,39,255,46970325.0,completed,2024-06-19
4000,43,463,30490149.0,cancelled,2024-12-14
4001,44,24,46468422.0,shipped,2024-12-19
4002,42,93,37533670.0,pending,2024-10-09
4003,1,55,20619586.0,cancelled,2024-04-17
4004,9,450,19752582.0,shipped,2024-02-03
4005,34,148,7657159.0,returned,2024-05-25
4006,3,17,8872810.0,completed,2023-10-04
4007,18,155,22963242.0,pending,2023-10-29
4008,46,332,19336109.0,completed,2024-09-11
4009,40,263,6628283.0,returned,2024-07-15
4010,39,226,9525292.0,returned,2023-10-18
4011,38,390,43645577.0,cancelled,2024-10-16
4012,16,487,6068071.0,shipped,2023-09-25
4013,20,490,23662806.0,returned,2023-06-26
4014,15,142,18047007.0,cancelled,2024-03-07
4015,42,488,12700965.0,completed,2023-03-28
4016,49,37,9126181.0,shipped,2024-08-08
4017,43,62,26867513.0,cancelled,2024-09-21
4018,9,354,2757546.0,completed,2024-03-20
4019,18,209,28099217.0,completed,2024-11-07
4020,12,3,19494128.0,cancelled,2024-11-01
4021,18,429,10327984.0,pending,2024-12-19
4022,24,97,15484647.0,returned,2023-08-17
4023,5,105,45146777.0,returned,2024-01-30
4024,4,361,41240407.0,shipped,2024-05-06
4025,46,114,1330966.0,pending,2024-08-18
4026,4,177,35839434.0,completed,2023-01-13
4027,42,107,40194101.0,completed,2023-02-05
4028,13,38,1533133.0,cancelled,2023-01-05
4029,14,247,4557091.0,returned,2023-04-16
4030,30,186,44148593.0,completed,2024-10-01
4031,36,329,32025560.0,cancelled,2023-07-21
4032,10,34,25125789.0,cancelled,2023-05-21
4033,18,326,19868965.0,pending,2024-08-27
4034,15,13,9559677.0,cancelled,2024-11-26
4035,23,339,42574042.0,returned,2023-07-28
4036,38,200,10985057.0,completed,2024-09-30
4037,14,271,29298751.0,shipped,2023-08-29
4038,44,265,25751319.0,cancelled,2023-11-17
4039,10,80,9236951.0,completed,2024-12-03
4040,29,417,47199274.0,returned,2023-10-13
4041,39,147,19309173.0,returned,2023-09-30
4042,29,181,25902280.0,completed,2023-12-29
4043,34,463,48365328.0,pending,2024-05-19
4044,24,207,10042729.0,returned,2024-05-25
4045,15,251,41971485.0,pending,2024-08-27
4046,13,122,34318868.0,pending,2023-03-04
4047,9,318,36884711.0,returned,2024-10-28
4048,13,151,27764092.0,cancelled,2024-02-20
4049,33,184,1673222.0,cancelled,2024-01-14
4050,50,163,33856611.0,cancelled,2024-01-21
4051,20,263,36267019.0,pending,2023-04-03
4052,20,87,12112048.0,cancelled,2023-04-09
4053,26,155,37909550.0,cancelled,2024-07-02
4054,36,36,37729571.0,pending,2024-09-27
4055,25,357,14838690.0,pending,2024-12-06
4056,39,315,4324954.0,shipped,2023-02-26
4057,13,211,28243311.0,pending,2023-05-19
4058,36,72,9222099.0,pending,2024-01-30
4059,24,276,17285646.0,cancelled,2023-03-25
4060,18,156,24479564.0,returned,2023-04-26
4061,48,8,1643887.0,completed,2024-09-07
4062,50,178,2464633.0,completed,2023-10-11
4063,3,203,6603272.0,cancelled,2024-12-29
4064,2,443,46183821.0,completed,2023-06-30
4065,39,224,30532714.0,shipped,2024-03-07
4066,27,204,48583446.0,shipped,2024-07-20
4067,5,257,19777336.0,completed,2023-05-21
4068,41,117,5243549.0,completed,2024-04-12
4069,48,471,18422666.0,shipped,2023-08-09
4070,11,426,11020939.0,completed,2023-07-03
4071,17,245,39102440.0,cancelled,2024-08-02
4072,46,351,2794787.0,cancelled,2024-05-19
4073,42,261,46963621.0,completed,2024-05-26
4074,31,381,1149550.0,completed,2024-04-21
4075,4,193,16466130.0,cancelled,2024-01-27
4076,12,288,26888330.0,pending,2023-03-27
4077,13,108,4322058.0,cancelled,2024-10-26
4078,47,409,8168642.0,shipped,2023-10-25
4079,19,438,22855916.0,pending,2023-03-12
4080,45,108,26433888.0,returned,2024-08-25
4081,1,16,24710989.0,returned,2024-02-11
4082,37,132,28358466.0,completed,2024-02-18
4083,32,166,26218862.0,returned,2024-02-15
4084,10,69,8834291.0,cancelled,2023-10-20
4085,12,170,38028791.0,shipped,2024-08-19
4086,26,496,9170178.0,returned,2023-06-02
4087,5,63,14453076.0,returned,2023-05-14
4088,15,273,38121923.0,shipped,2023-02-11
4089,2,152,47052637.0,completed,2023-02-12
4090,3,374,42753918.0,shipped,2024-07-29
4091,28,204,18852290.0,returned,2023-12-15
4092,40,132,6890265.0,pending,2023-12-26
4093,31,243,2972590.0,returned,2024-10-29
4094,50,486,23684688.0,shipped,2023-01-30
4095,31,480,26954031.0,pending,2024-02-26
4096,22,466,43990932.0,returned,2023-11-06
4097,27,20,37774665.0,pending,2024-09-02
4098,14,356,1477015.0,shipped,2023-07-09
4099,35,403,39367166.0,pending,2023-10-05
4100,9,338,29937578.0,pending,2023-05-13
4101,11,290,28875795.0,shipped,2023-03-15
4102,44,26,10795147.0,cancelled,2024-08-27
4103,41,442,13755509.0,completed,2024-09-02
4104,21,287,25869762.0,completed,2023-02-22
4105,1,325,49855099.0,completed,2024-04-14
4106,10,121,48151149.0,cancelled,2023-04-06
4107,22,64,46039143.0,cancelled,2023-04-08
4108,18,344,15898974.0,cancelled,2024-02-07
4109,6,99,2266202.0,shipped,2023-09-11
4110,9,434,45521398.0,shipped,2023-05-16
4111,6,188,21214730.0,shipped,2023-04-23
4112,44,142,48724394.0,pending,2023-02-14
4113,36,211,33471247.0,returned,2024-05-09
4114,40,460,6219142.0,shipped,2023-07-07
4115,49,301,30129149.0,cancelled,2023-03-02
4116,22,419,33187289.0,returned,2024-04-22
4117,45,70,45831964.0,pending,2023-10-26
4118,2,153,33311588.0,completed,2024-01-18
4119,46,283,30391574.0,completed,2023-06-12
4120,38,464,186910.0,shipped,2024-04-16
4121,22,343,10269536.0,cancelled,2023-03-24
4122,33,448,15819655.0,cancelled,2024-11-19
4123,50,52,6305928.0,shipped,2024-11-23
4124,44,327,11265819.0,completed,2023-09-01
4125,24,146,690516.0,pending,2023-06-22
4126,45,406,6368854.0,shipped,2024-09-07
4127,40,411,7859662.0,completed,2024-08-02
4128,19,481,31462166.0,pending,2023-10-21
4129,16,44,4165569.0,completed,2024-04-29
4130,7,102,20123905.0,pending,2023-03-02
4131,29,65,46684067.0,returned,2024-09-12
4132,50,446,9629709.0,pending,2023-06-28
4133,9,326,37509594.0,completed,2023-09-06
4134,19,368,16378256.0,shipped,2024-07-09
4135,41,140,47598780.0,shipped,2024-07-29
4136,23,261,11758178.0,cancelled,2023-11-10
4137,10,341,41148934.0,returned,2024-06-04
4138,8,337,41975735.0,completed,2023-02-24
4139,50,205,23834209.0,pending,2024-04-01
4140,48,361,29448712.0,returned,2023-06-23
4141,20,158,25499189.0,returned,2024-09-01
4142,23,249,14565381.0,returned,2024-09-15
4143,47,145,16226966.0,pending,2024-02-26
4144,34,29,2501892.0,completed,2024-06-09
4145,8,208,45679182.0,returned,2023-10-05
4146,29,68,22226470.0,cancelled,2024-06-30
4147,42,274,44353309.0,shipped,2024-01-31
4148,14,165,17225649.0,cancelled,2024-04-17
4149,16,91,28868649.0,cancelled,2023-01-16
4150,10,91,48080204.0,shipped,2024-07-26
4151,4,254,24881702.0,completed,2024-07-07
4152,4,324,7623312.0,completed,2024-04-12
4153,12,306,19273725.0,shipped,2024-07-16
4154,29,95,12196173.0,completed,2024-05-28
4155,40,480,28023011.0,pending,2024-09-17
4156,26,161,9139719.0,shipped,2023-05-17
4157,29,379,41782275.0,pending,2023-07-03
4158,19,220,40212135.0,completed,2024-10-12
4159,13,262,49467199.0,pending,2024-01-12
4160,24,493,2500271.0,cancelled,2023-06-18
4161,5,406,30713651.0,shipped,2023-09-05
4162,47,296,23822628.0,completed,2023-01-19
4163,18,112,2919797.0,returned,2023-08-06
4164,33,36,38021952.0,cancelled,2024-03-24
4165,17,172,35504948.0,returned,2023-08-17
4166,16,486,31893873.0,returned,2024-12-19
4167,45,172,39811981.0,cancelled,2024-06-18
4168,39,103,8924820.0,shipped,2024-04-13
4169,40,357,36519088.0,completed,2023-04-29
4170,23,127,15747984.0,shipped,2024-05-29
4171,38,155,47163809.0,returned,2024-04-02
4172,36,267,30829711.0,completed,2023-05-02
4173,38,66,8809485.0,shipped,2023-06-05
4174,7,26,10093369.0,returned,2024-10-11
4175,16,489,11830392.0,pending,2023-11-17
4176,27,419,5221070.0,shipped,2024-09-22
4177,39,444,46726504.0,cancelled,2023-03-02
4178,26,79,31610417.0,shipped,2024-08-28
4179,44,349,25995683.0,pending,2024-01-11
4180,19,196,23739539.0,completed,2023-04-22
4181,35,12,10665183.0,pending,2024-08-27
4182,7,238,3428588.0,completed,2023-03-23
4183,29,163,33728357.0,completed,2023-05-04
4184,5,304,18995527.0,completed,2023-12-05
4185,45,222,26133008.0,cancelled,2023-06-14
4186,7,292,34017564.0,cancelled,2023-08-24
4187,7,146,36460470.0,shipped,2023-04-20
4188,49,313,46593317.0,returned,2023-06-25
4189,3,374,9263033.0,completed,2024-06-21
4190,10,448,6835061.0,cancelled,2023-01-06
4191,31,452,49150281.0,returned,2024-01-31
4192,25,20,2671164.0,completed,2023-10-18
4193,8,431,4803963.0,returned,2024-01-10
4194,14,39,6701638.0,shipped,2024-03-14
4195,34,403,29187429.0,pending,2023-12-15
4196,25,322,14101916.0,cancelled,2023-08-04
4197,24,362,10427789.0,shipped,2024-04-08
4198,22,201,37550270.0,shipped,2023-05-22
4199,18,369,4978896.0,cancelled,2024-12-12
4200,46,237,35769239.0,completed,2023-02-22
4201,22,235,35758075.0,cancelled,2024-06-11
4202,35,358,48804028.0,shipped,2024-06-03
4203,9,91,23435469.0,returned,2023-04-03
4204,32,82,15962531.0,pending,2023-06-11
4205,26,385,42101926.0,returned,2024-05-06
4206,2,302,3091277.0,shipped,2024-04-28
4207,21,8,37595969.0,cancelled,2024-02-25
4208,4,333,43693123.0,completed,2023-02-20
4209,43,52,5505359.0,returned,2024-11-19
4210,42,480,5696870.0,shipped,2023-08-02
4211,38,486,33906397.0,completed,2023-03-23
4212,48,333,6338296.0,returned,2023-10-17
4213,21,418,45070874.0,completed,2024-05-23
4214,25,494,20368711.0,returned,2024-04-10
4215,23,310,20037735.0,shipped,2024-12-23
4216,10,356,17232218.0,completed,2023-11-02
4217,28,183,4035280.0,returned,2023-07-28
4218,31,42,33786308.0,pending,2023-01-30
4219,40,16,17467493.0,completed,2024-06-30
4220,3,484,41797275.0,shipped,2023-08-05
4221,2,157,48227974.0,cancelled,2024-01-10
4222,34,384,43275982.0,shipped,2024-12-29
4223,50,159,29163951.0,cancelled,2023-10-03
4224,48,450,25549002.0,returned,2023-12-20
4225,1,302,40662664.0,pending,2024-10-23
4226,37,336,1238772.0,pending,2024-07-02
4227,41,280,39158324.0,returned,2024-02-10
4228,28,288,34550398.0,cancelled,2024-07-01
4229,32,259,31603560.0,shipped,2024-12-01
4230,18,422,29702146.0,shipped,2024-06-14
4231,35,23,41175088.0,shipped,2023-03-13
4232,16,22,17863123.0,pending,2023-02-05
4233,50,419,6793472.0,shipped,2024-04-17
4234,44,208,38906032.0,cancelled,2024-04-17
4235,35,498,26808171.0,returned,2024-01-06
4236,29,54,39735507.0,shipped,2024-07-02
4237,13,31,34852562.0,returned,2024-02-12
4238,29,127,39654385.0,completed,2024-02-27
4239,10,388,24555531.0,completed,2024-07-02
4240,3,17,36289623.0,shipped,2024-03-21
4241,14,249,33407651.0,shipped,2023-01-22
4242,23,185,2629880.0,cancelled,2024-12-16
4243,21,63,34295449.0,pending,2023-01-31
4244,24,496,23515358.0,returned,2024-06-19
4245,25,345,6118880.0,cancelled,2024-08-10
4246,2,112,47640124.0,returned,2024-07-30
4247,23,375,23132530.0,completed,2023-06-09
4248,2,322,46587782.0,shipped,2023-10-26
4249,31,470,35764955.0,completed,2023-04-08
4250,21,255,3833101.0,returned,2023-07-01
4251,17,336,16541454.0,pending,2023-05-20
4252,19,208,12593116.0,returned,2024-06-05
4253,36,206,23105496.0,shipped,2024-12-08
4254,10,303,37688904.0,pending,2023-07-29
4255,18,1,11485680.0,returned,2023-07-24
4256,40,421,10411375.0,pending,2023-07-22
4257,1,265,38899932.0,cancelled,2024-08-24
4258,35,409,38128920.0,shipped,2024-04-27
4259,18,342,30640404.0,cancelled,2023-06-19
4260,24,52,49018709.0,cancelled,2024-04-09
4261,30,417,14608007.0,pending,2023-10-05
4262,31,311,240334.0,cancelled,2023-04-26
4263,15,149,4821013.0,shipped,2023-06-01
4264,19,428,22406101.0,pending,2024-03-12
4265,45,171,14617919.0,returned,2024-03-03
4266,17,213,6391843.0,cancelled,2024-04-23
4267,29,317,47736183.0,shipped,2023-01-01
4268,8,81,43405332.0,completed,2023-07-12
4269,30,431,36529308.0,returned,2024-11-11
4270,40,412,917823.0,shipped,2024-10-03
4271,49,127,38087300.0,cancelled,2023-10-23
4272,46,324,38821390.0,pending,2024-11-07
4273,48,81,8835860.0,shipped,2024-11-16
4274,10,55,12238938.0,returned,2024-12-12
4275,18,32,37315590.0,completed,2023-06-23
4276,44,329,37146283.0,returned,2024-09-21
4277,47,335,22812448.0,returned,2023-08-15
4278,7,15,32756763.0,returned,2024-03-13
4279,45,168,40520532.0,returned,2024-02-09
4280,40,143,22173612.0,shipped,2024-01-20
4281,30,291,28194440.0,returned,2024-11-18
4282,25,285,21124415.0,completed,2023-04-15
4283,42,21,46474632.0,returned,2024-09-07
4284,43,175,26553916.0,shipped,2023-11-01
4285,21,456,36537815.0,shipped,2023-01-04
4286,42,149,20221349.0,shipped,2023-12-10
4287,22,446,1398350.0,shipped,2024-05-14
4288,24,483,26387826.0,shipped,2024-07-16
4289,39,115,5011755.0,shipped,2023-11-18
4290,10,198,18445401.0,cancelled,2023-02-18
4291,20,213,26895473.0,completed,2023-01-01
4292,4,152,6331257.0,completed,2024-01-15
4293,16,452,27587107.0,returned,2023-06-15
4294,27,114,30715551.0,returned,2024-11-09
4295,8,30,37194488.0,cancelled,2023-06-07
4296,25,493,17721961.0,shipped,2024-05-18
4297,33,261,28010225.0,shipped,2023-07-14
4298,16,324,23061041.0,completed,2024-08-20
4299,45,476,26845626.0,shipped,2024-02-07
4300,21,407,9092331.0,returned,2023-09-28
4301,49,495,26725474.0,completed,2023-04-26
4302,1,383,12936037.0,returned,2024-06-13
4303,28,288,28969086.0,pending,2024-08-21
4304,1,234,25560141.0,completed,2023-03-19
4305,50,29,43174616.0,returned,2024-12-11
4306,4,415,43382888.0,completed,2023-06-23
4307,16,60,13000201.0,returned,2023-02-22
4308,6,123,41101681.0,returned,2024-08-11
4309,24,415,46505219.0,completed,2023-12-09
4310,2,346,4560772.0,completed,2023-08-27
4311,23,130,16720585.0,pending,2023-05-08
4312,17,412,21717107.0,cancelled,2024-12-31
4313,25,55,24985415.0,pending,2023-10-19
4314,18,161,21757507.0,returned,2024-03-17
4315,30,72,40387707.0,shipped,2024-02-04
4316,40,96,26849750.0,shipped,2024-02-13
4317,6,372,19126367.0,completed,2023-05-29
4318,39,331,4276887.0,cancelled,2023-12-27
4319,10,339,37755252.0,completed,2024-12-20
4320,10,138,8760345.0,returned,2024-05-02
4321,36,263,15429998.0,returned,2024-08-31
4322,47,377,24208202.0,returned,2023-09-02
4323,3,2,28571551.0,shipped,2023-01-25
4324,38,179,15632340.0,cancelled,2023-01-05
4325,40,246,10701462.0,cancelled,2024-07-06
4326,26,356,22694987.0,completed,2024-09-02
4327,19,228,48941448.0,pending,2023-09-08
4328,11,283,9342013.0,pending,2023-06-03
4329,11,52,5971733.0,shipped,2024-12-10
4330,47,55,46325062.0,pending,2024-05-22
4331,15,15,30144949.0,cancelled,2023-06-15
4332,24,303,10014220.0,pending,2023-12-19
4333,43,168,41426014.0,returned,2023-10-10
4334,46,290,32683837.0,shipped,2023-09-04
4335,9,449,49503066.0,completed,2023-06-04
4336,50,310,47622199.0,cancelled,2023-02-02
4337,9,159,15365360.0,pending,2024-01-14
4338,7,175,32255129.0,cancelled,2024-10-20
4339,45,495,39566474.0,returned,2023-08-02
4340,40,443,10312104.0,pending,2024-01-24
4341,49,429,10230750.0,completed,2024-07-19
4342,10,197,29445338.0,returned,2024-05-25
4343,14,466,17542467.0,shipped,2023-05-14
4344,40,465,45598964.0,shipped,2023-08-09
4345,13,273,33988487.0,returned,2024-06-23
4346,49,61,22404054.0,pending,2023-12-03
4347,11,315,3422181.0,shipped,2023-09-20
4348,3,334,34717247.0,cancelled,2023-07-08
4349,12,167,9857590.0,pending,2024-06-19
4350,10,379,20453804.0,cancelled,2024-01-18
4351,34,111,46143250.0,shipped,2024-10-13
4352,9,40,44741961.0,completed,2024-02-05
4353,38,424,47988250.0,completed,2024-10-09
4354,45,418,28998787.0,completed,2023-09-06
4355,27,370,38643181.0,cancelled,2024-11-10
4356,35,17,27209582.0,pending,2024-02-09
4357,30,309,4262776.0,completed,2024-05-13
4358,22,145,47434912.0,completed,2023-10-12
4359,11,400,5642104.0,completed,2023-12-07
4360,31,467,1202708.0,pending,2023-12-03
4361,45,337,40052836.0,cancelled,2024-09-20
4362,14,315,16775385.0,pending,2023-11-01
4363,36,105,1312461.0,returned,2023-02-06
4364,10,187,6472714.0,returned,2024-04-05
4365,22,238,28550112.0,shipped,2024-08-20
4366,37,365,7856063.0,returned,2024-01-16
4367,32,57,47375043.0,pending,2024-01-27
4368,18,203,21746544.0,cancelled,2023-03-01
4369,17,350,14076554.0,cancelled,2023-08-18
4370,8,101,7643413.0,shipped,2023-08-12
4371,8,397,20855889.0,pending,2023-12-03
4372,9,469,2562692.0,completed,2023-10-17
4373,43,395,18123733.0,cancelled,2024-12-19
4374,35,44,38934489.0,completed,2023-04-12
4375,4,100,23428331.0,shipped,2024-06-03
4376,2,169,3503379.0,shipped,2024-10-11
4377,16,143,28197394.0,completed,2024-08-23
4378,20,315,4139434.0,cancelled,2023-10-28
4379,27,393,39400470.0,pending,2023-07-21
4380,7,215,45703774.0,pending,2024-11-22
4381,38,411,27506207.0,pending,2024-03-08
4382,27,203,45738276.0,pending,2024-04-25
4383,31,449,33046464.0,completed,2024-03-25
4384,9,59,42496539.0,shipped,2023-08-21
4385,33,231,10962424.0,pending,2024-10-24
4386,49,486,46765404.0,pending,2023-08-16
4387,20,105,5894588.0,completed,2024-11-18
4388,9,36,38407396.0,returned,2024-06-14
4389,43,50,28454881.0,returned,2024-03-21
4390,21,3,43814629.0,cancelled,2023-06-30
4391,35,297,14339444.0,cancelled,2023-12-09
4392,45,377,29499157.0,cancelled,2023-09-07
4393,25,108,29128209.0,pending,2023-12-05
4394,11,428,40381736.0,completed,2024-01-17
4395,1,26,42876941.0,pending,2024-04-09
4396,29,271,2120724.0,pending,2024-12-11
4397,38,389,40478834.0,cancelled,2023-10-04
4398,28,362,34757866.0,pending,2023-08-09
4399,30,496,22234309.0,shipped,2024-03-07
4400,46,270,1587677.0,pending,2023-11-17
4401,42,82,38316138.0,shipped,2024-09-20
4402,24,424,811643.0,returned,2023-07-31
4403,27,195,40042195.0,returned,2023-03-27
4404,45,148,32137550.0,shipped,2024-12-15
4405,20,13,18689083.0,pending,2023-10-08
4406,20,275,4427515.0,pending,2023-10-10
4407,14,72,44959809.0,shipped,2024-05-29
4408,29,279,46492778.0,completed,2023-09-18
4409,41,154,16462559.0,pending,2023-03-10
4410,39,461,9658257.0,completed,2023-03-27
4411,32,325,28216030.0,cancelled,2023-05-02
4412,34,13,3587559.0,returned,2023-12-28
4413,3,321,21001325.0,shipped,2023-01-11
4414,34,332,42276846.0,completed,2024-10-05
4415,28,463,6610768.0,completed,2023-03-06
4416,12,149,39579508.0,shipped,2024-02-25
4417,49,22,40982863.0,pending,2024-11-26
4418,7,199,43375128.0,returned,2024-10-15
4419,41,276,32678922.0,pending,2023-05-23
4420,17,366,44647939.0,shipped,2024-02-07
4421,24,267,18849213.0,pending,2024-10-16
4422,44,468,20675814.0,shipped,2024-10-09
4423,23,353,24863345.0,cancelled,2024-06-08
4424,40,81,10175508.0,cancelled,2023-11-02
4425,16,366,1180869.0,pending,2024-05-26
4426,18,459,44316124.0,completed,2024-02-01
4427,27,277,38088935.0,shipped,2024-11-01
4428,28,191,16642376.0,shipped,2023-05-14
4429,48,275,33740838.0,returned,2024-04-30
4430,31,390,38435131.0,shipped,2023-06-19
4431,15,79,37429777.0,returned,2023-06-14
4432,1,496,32620733.0,completed,2023-10-31
4433,28,258,16923609.0,completed,2024-04-12
4434,38,213,23723242.0,returned,2023-07-31
4435,25,340,2703926.0,cancelled,2023-10-18
4436,9,150,34988005.0,completed,2023-12-26
4437,43,456,14685149.0,cancelled,2023-08-13
4438,20,327,45523940.0,returned,2024-12-29
4439,47,211,32898518.0,returned,2024-05-27
4440,32,432,20038812.0,pending,2023-01-22
4441,17,318,3779045.0,returned,2024-08-16
4442,8,145,17755748.0,returned,2024-07-07
4443,29,270,20729758.0,shipped,2023-08-14
4444,46,25,38869971.0,shipped,2023-11-16
4445,21,130,15180692.0,returned,2024-05-10
4446,47,411,14897327.0,returned,2024-06-01
4447,48,454,5907603.0,cancelled,2024-01-19
4448,32,98,17083131.0,shipped,2023-01-07
4449,10,143,11232086.0,cancelled,2023-11-07
4450,23,383,23102013.0,shipped,2023-05-04
4451,4,346,15145029.0,shipped,2023-03-13
4452,45,270,48801031.0,pending,2023-01-28
4453,25,42,7254329.0,completed,2023-07-26
4454,20,59,41996718.0,completed,2024-10-29
4455,45,312,26395449.0,pending,2023-10-15
4456,44,147,41504891.0,cancelled,2024-11-21
4457,35,68,24058826.0,cancelled,2023-09-01
4458,23,21,44185343.0,returned,2023-11-06
4459,6,27,30490377.0,pending,2023-06-01
4460,42,72,18995705.0,cancelled,2023-12-18
4461,19,333,22534234.0,completed,2024-04-21
4462,15,496,24824998.0,cancelled,2024-06-12
4463,25,202,13249931.0,pending,2023-01-09
4464,47,43,25446545.0,completed,2024-07-06
4465,20,421,26038379.0,completed,2024-12-15
4466,22,348,7471680.0,pending,2023-04-25
4467,6,286,18351470.0,completed,2024-12-29
4468,28,212,18589700.0,cancelled,2023-06-20
4469,17,391,41067874.0,pending,2024-01-01
4470,3,470,35908180.0,shipped,2023-12-17
4471,50,492,39978971.0,completed,2024-04-20
4472,50,172,43444328.0,completed,2024-12-23
4473,33,432,37707997.0,shipped,2024-10-26
4474,50,331,13153455.0,returned,2024-11-23
4475,43,296,26014643.0,shipped,2024-06-08
4476,30,106,43740333.0,returned,2024-02-03
4477,25,461,49353246.0,pending,2024-06-27
4478,37,425,20257479.0,returned,2023-01-29
4479,29,33,3071932.0,shipped,2024-05-18
4480,24,481,37882179.0,completed,2023-01-28
4481,46,308,38346837.0,cancelled,2024-10-04
4482,32,497,23129116.0,shipped,2024-10-05
4483,24,427,23592058.0,cancelled,2023-09-17
4484,19,473,2610464.0,shipped,2023-01-18
4485,29,5,9364960.0,cancelled,2023-08-04
4486,14,21,31716425.0,cancelled,2023-12-09
4487,6,330,15667083.0,returned,2024-03-19
4488,30,436,45575902.0,completed,2024-05-10
4489,46,115,23440833.0,cancelled,2023-02-18
4490,27,82,24896658.0,completed,2024-03-21
4491,42,451,47678896.0,cancelled,2023-02-09
4492,46,258,25103028.0,completed,2024-08-28
4493,39,462,36949456.0,returned,2024-01-16
4494,20,107,27762951.0,shipped,2023-10-09
4495,34,28,6493745.0,pending,2023-05-05
4496,11,466,26633455.0,shipped,2023-08-06
4497,44,224,6864069.0,completed,2023-08-24
4498,12,138,40149653.0,returned,2023-10-03
4499,4,451,23142504.0,returned,2023-10-13
4500,50,498,8336886.0,completed,2024-11-01
4501,48,438,17184218.0,returned,2024-12-20
4502,21,431,4334552.0,pending,2023-09-15
4503,42,224,37133957.0,shipped,2023-04-06
4504,32,413,19383415.0,completed,2024-10-01
4505,42,262,2311372.0,pending,2023-03-18
4506,44,77,2599228.0,pending,2024-04-28
4507,12,194,15572566.0,pending,2024-08-25
4508,10,132,33263338.0,shipped,2024-05-21
4509,42,144,1315254.0,returned,2023-02-02
4510,50,465,41591752.0,shipped,2024-07-27
4511,2,107,38553872.0,returned,2023-03-19
4512,43,482,17372888.0,returned,2024-06-20
4513,46,394,4446615.0,cancelled,2024-12-05
4514,26,299,14880046.0,pending,2023-06-29
4515,27,58,13242142.0,pending,2023-11-12
4516,33,248,9411523.0,pending,2023-04-22
4517,6,90,23892859.0,returned,2024-11-02
4518,28,138,43298195.0,shipped,2023-01-15
4519,8,103,23823749.0,cancelled,2023-08-02
4520,3,191,47805999.0,cancelled,2023-07-10
4521,43,120,26627743.0,completed,2023-01-23
4522,29,474,17890679.0,returned,2023-03-18
4523,48,494,20986531.0,pending,2023-07-16
4524,2,160,3480181.0,pending,2023-07-15
4525,24,206,32080798.0,completed,2023-05-05
4526,13,83,9513064.0,shipped,2024-05-13
4527,7,276,10092558.0,cancelled,2024-09-23
4528,15,363,49237795.0,shipped,2024-04-01
4529,38,480,21017868.0,cancelled,2023-05-12
4530,19,360,43427685.0,returned,2024-04-12
4531,11,215,31245936.0,cancelled,2024-10-15
4532,12,259,39766142.0,cancelled,2023-09-05
4533,36,408,33640350.0,returned,2024-04-21
4534,4,252,40743746.0,cancelled,2023-12-21
4535,9,56,5181335.0,returned,2023-10-09
4536,35,82,31350334.0,completed,2023-08-08
4537,50,316,18675941.0,shipped,2024-08-31
4538,27,180,37836053.0,completed,2024-07-15
4539,36,431,47455796.0,completed,2023-06-27
4540,28,40,2695093.0,shipped,2023-04-12
4541,42,454,33133413.0,cancelled,2024-09-29
4542,27,374,42999942.0,pending,2024-11-05
4543,1,158,4912442.0,completed,2024-01-13
4544,18,149,17704577.0,pending,2023-12-03
4545,9,458,20173916.0,cancelled,2023-10-26
4546,9,440,49623737.0,pending,2024-12-25
4547,30,377,30067431.0,cancelled,2023-01-21
4548,24,30,5673462.0,pending,2024-06-05
4549,50,339,40359552.0,returned,2023-06-11
4550,24,91,21630233.0,cancelled,2023-07-16
4551,8,83,3162619.0,shipped,2023-05-11
4552,39,493,7735247.0,returned,2023-09-30
4553,23,130,38381917.0,shipped,2023-01-28
4554,41,31,31895244.0,shipped,2024-09-23
4555,36,186,9301925.0,completed,2024-01-18
4556,14,315,14620804.0,pending,2023-08-30
4557,38,13,24595481.0,shipped,2023-10-23
4558,36,257,2270357.0,shipped,2023-12-26
4559,33,453,39120907.0,cancelled,2023-06-17
4560,46,168,29915082.0,completed,2024-05-31
4561,20,346,1319466.0,shipped,2023-03-28
4562,49,149,43246346.0,cancelled,2024-05-03
4563,37,420,13571585.0,completed,2024-02-08
4564,39,60,33602639.0,cancelled,2023-06-29
4565,41,70,46285394.0,shipped,2024-10-03
4566,33,14,4987218.0,pending,2024-03-07
4567,41,444,41773152.0,shipped,2024-08-18
4568,21,489,25013848.0,cancelled,2024-08-22
4569,8,255,40425651.0,pending,2024-01-31
4570,33,437,42908715.0,completed,2023-08-10
4571,17,43,17256532.0,shipped,2024-12-17
4572,26,350,14157463.0,completed,2024-06-15
4573,26,90,4635848.0,shipped,2024-07-24
4574,22,54,10887823.0,pending,2023-01-06
4575,33,142,1985851.0,completed,2024-02-08
4576,28,7,27211372.0,returned,2023-05-07
4577,9,102,35689713.0,returned,2023-11-04
4578,41,247,17608437.0,completed,2024-03-25
4579,29,6,25771986.0,pending,2024-03-09
4580,2,153,37298939.0,pending,2024-05-29
4581,48,161,12291070.0,completed,2023-05-02
4582,26,128,46922615.0,pending,2024-02-28
4583,27,268,15839403.0,pending,2023-04-29
4584,50,111,24466561.0,returned,2023-10-12
4585,36,116,22069039.0,returned,2023-11-16
4586,47,252,46844182.0,cancelled,2023-02-02
4587,40,270,25556859.0,returned,2023-04-28
4588,45,71,28196822.0,completed,2023-08-11
4589,46,226,6970872.0,pending,2024-10-01
4590,17,440,46754844.0,cancelled,2023-04-04
4591,28,407,6263020.0,pending,2024-04-29
4592,34,115,34988382.0,shipped,2024-01-25
4593,2,441,8788733.0,shipped,2023-09-22
4594,34,373,13441834.0,pending,2024-06-29
4595,2,156,27638607.0,cancelled,2023-07-06
4596,6,275,35347262.0,returned,2023-12-02
4597,10,340,34187012.0,completed,2024-10-30
4598,19,258,26948698.0,pending,2023-06-06
4599,50,216,354900.0,shipped,2024-10-22
4600,50,320,36973767.0,completed,2024-09-23
4601,26,435,12152729.0,completed,2023-05-28
4602,48,234,8559979.0,cancelled,2024-12-30
4603,47,113,43220451.0,shipped,2023-04-11
4604,28,348,1803595.0,cancelled,2024-07-07
4605,50,340,11016005.0,shipped,2023-08-18
4606,50,329,471017.0,shipped,2024-11-28
4607,21,418,7056245.0,shipped,2023-05-20
4608,46,66,12663845.0,completed,2023-10-27
4609,42,428,27780183.0,cancelled,2024-05-06
4610,36,274,12327330.0,completed,2023-07-25
4611,17,445,48350055.0,pending,2023-09-22
4612,21,136,18979306.0,completed,2024-08-12
4613,22,268,9236380.0,returned,2023-04-09
4614,33,234,29890941.0,completed,2024-10-28
4615,21,135,1926418.0,shipped,2024-07-21
4616,33,82,14936314.0,returned,2024-09-13
4617,17,9,14838548.0,returned,2023-08-30
4618,3,316,20983804.0,returned,2024-08-28
4619,18,383,39193567.0,returned,2023-05-07
4620,45,147,32028686.0,completed,2023-06-19
4621,20,448,37992623.0,returned,2024-11-23
4622,1,317,12365286.0,returned,2023-09-08
4623,8,405,18375917.0,returned,2024-10-26
4624,32,245,22187630.0,returned,2024-12-27
4625,21,409,11917770.0,shipped,2024-10-14
4626,9,403,20263519.0,returned,2024-11-12
4627,44,364,43439331.0,cancelled,2023-06-22
4628,46,279,24043570.0,cancelled,2023-09-21
4629,35,193,32398549.0,returned,2024-11-21
4630,8,479,9837622.0,completed,2024-01-08
4631,43,313,32499964.0,pending,2023-10-18
4632,5,168,49909273.0,shipped,2023-11-11
4633,16,4,47452175.0,cancelled,2023-03-07
4634,15,381,3110411.0,cancelled,2024-04-04
4635,32,161,40245424.0,shipped,2023-11-13
4636,29,212,4532452.0,shipped,2023-12-17
4637,5,316,14306202.0,cancelled,2023-06-15
4638,12,244,16743805.0,pending,2024-01-02
4639,5,367,31254508.0,shipped,2023-07-07
4640,46,44,19744643.0,pending,2023-08-09
4641,40,435,43347005.0,cancelled,2024-10-07
4642,31,358,17015832.0,shipped,2023-08-25
4643,14,59,9052324.0,returned,2023-06-11
4644,25,194,21887102.0,pending,2023-03-24
4645,50,39,26413461.0,returned,2024-03-02
4646,31,190,7429719.0,cancelled,2023-03-15
4647,48,327,19653572.0,returned,2024-07-27
4648,13,447,36935294.0,returned,2024-06-08
4649,28,477,5619504.0,shipped,2024-02-03
4650,36,195,10703159.0,cancelled,2024-07-25
4651,13,42,35070807.0,returned,2023-09-09
4652,6,409,36389536.0,completed,2023-11-23
4653,16,374,26279262.0,completed,2024-03-19
4654,45,223,39576446.0,pending,2023-10-21
4655,32,448,49381262.0,shipped,2023-10-17
4656,29,87,10804887.0,shipped,2023-05-17
4657,41,180,18087079.0,pending,2024-08-29
4658,28,477,38503967.0,returned,2024-08-17
4659,40,200,15784561.0,shipped,2023-08-17
4660,33,202,8248695.0,cancelled,2023-09-27
4661,26,415,30830180.0,returned,2024-05-07
4662,34,231,37894801.0,pending,2023-01-20
4663,32,304,2096969.0,returned,2023-07-11
4664,28,54,46015006.0,returned,2024-05-08
4665,16,222,26131381.0,returned,2023-05-21
4666,47,243,34885176.0,returned,2023-03-24
4667,15,37,1623120.0,shipped,2023-06-07
4668,38,291,44230791.0,returned,2023-09-30
4669,46,71,13127805.0,completed,2024-04-11
4670,1,468,45354124.0,cancelled,2024-08-25
4671,19,166,23953679.0,returned,2023-03-29
4672,29,332,8074714.0,returned,2024-11-17
4673,38,15,30256070.0,returned,2023-07-23
4674,41,473,3247664.0,shipped,2024-11-06
4675,21,414,5023067.0,completed,2023-07-23
4676,4,423,37258443.0,pending,2024-12-30
4677,24,397,23345599.0,completed,2023-05-04
4678,30,94,7858966.0,pending,2024-01-02
4679,3,127,3176007.0,pending,2023-02-01
4680,18,94,31678897.0,completed,2024-06-06
4681,4,67,27332710.0,shipped,2023-10-16
4682,32,388,33882923.0,pending,2024-10-30
4683,29,189,11440042.0,completed,2024-09-29
4684,17,40,28987554.0,cancelled,2023-01-02
4685,31,170,37994892.0,shipped,2024-11-08
4686,11,330,41363489.0,completed,2023-08-30
4687,35,71,34022822.0,cancelled,2023-02-02
4688,13,21,22123214.0,returned,2024-07-24
4689,13,338,18221506.0,completed,2023-08-27
4690,49,34,14938066.0,completed,2024-03-09
4691,35,233,19701936.0,returned,2023-03-09
4692,26,227,11298387.0,cancelled,2023-04-03
4693,2,403,6829325.0,returned,2023-11-22
4694,35,435,18838859.0,cancelled,2023-08-08
4695,17,493,18621770.0,shipped,2023-10-31
4696,43,481,19497140.0,pending,2024-04-05
4697,8,49,15626528.0,pending,2023-01-11
4698,41,380,30749681.0,completed,2023-05-03
4699,27,160,23699534.0,pending,2024-04-20
4700,27,297,15751065.0,shipped,2024-04-21
4701,4,492,34763685.0,returned,2023-08-15
4702,23,226,23604509.0,pending,2023-05-16
4703,43,494,39884003.0,cancelled,2023-11-14
4704,13,245,17288320.0,pending,2024-11-11
4705,28,300,19744685.0,cancelled,2023-01-26
4706,40,202,6692639.0,pending,2024-06-19
4707,40,464,12259775.0,returned,2023-04-15
4708,16,393,6234569.0,pending,2024-06-29
4709,40,92,27101795.0,completed,2024-04-02
4710,34,175,41607307.0,completed,2023-06-01
4711,3,426,36319769.0,shipped,2024-01-24
4712,4,182,28168797.0,pending,2024-12-01
4713,48,331,23485044.0,cancelled,2024-10-08
4714,11,207,37743096.0,returned,2023-07-17
4715,9,351,8732385.0,shipped,2023-10-29
4716,1,43,49650351.0,returned,2023-09-13
4717,44,395,10918854.0,returned,2024-10-08
4718,45,393,38624959.0,shipped,2024-04-14
4719,17,350,22488293.0,completed,2024-03-18
4720,3,259,19264473.0,cancelled,2024-07-15
4721,40,450,11502079.0,completed,2024-01-18
4722,34,130,14276859.0,pending,2024-06-16
4723,16,500,25270117.0,pending,2024-06-03
4724,20,474,4994268.0,shipped,2024-08-03
4725,6,65,7049775.0,cancelled,2024-11-27
4726,15,136,17266925.0,shipped,2024-10-25
4727,18,361,7012121.0,returned,2023-02-06
4728,37,127,48191292.0,pending,2023-08-05
4729,23,294,13604051.0,cancelled,2023-06-17
4730,33,89,9029400.0,completed,2024-09-04
4731,41,161,48351155.0,returned,2023-11-02
4732,11,263,9061814.0,returned,2023-10-11
4733,10,77,48054032.0,returned,2024-07-07
4734,16,188,26671452.0,returned,2023-01-19
4735,13,85,26662605.0,pending,2023-04-04
4736,35,365,15927966.0,pending,2024-01-14
4737,2,400,20196499.0,cancelled,2023-05-18
4738,6,160,1311817.0,shipped,2024-02-21
4739,41,376,3567838.0,returned,2024-01-17
4740,15,306,16611640.0,returned,2023-03-20
4741,28,187,29205107.0,returned,2024-01-18
4742,50,267,5786328.0,shipped,2023-04-20
4743,9,316,27978325.0,returned,2023-06-15
4744,29,74,32006763.0,completed,2023-03-26
4745,24,310,14475010.0,pending,2023-09-08
4746,21,441,23581802.0,returned,2023-01-07
4747,18,432,32864731.0,cancelled,2024-06-12
4748,33,142,28480093.0,shipped,2024-07-28
4749,32,250,49116173.0,returned,2023-06-23
4750,48,205,21403513.0,cancelled,2023-07-07
4751,2,103,4049592.0,returned,2024-12-17
4752,23,124,4181382.0,completed,2023-12-17
4753,33,322,3224563.0,returned,2024-08-20
4754,28,348,41160342.0,shipped,2024-05-02
4755,31,319,20099366.0,completed,2023-02-10
4756,42,235,15936943.0,completed,2023-08-01
4757,48,436,19775769.0,completed,2024-02-23
4758,16,175,27318975.0,shipped,2024-05-13
4759,9,238,43874519.0,completed,2024-05-21
4760,42,299,11091064.0,pending,2023-04-27
4761,39,228,45096623.0,pending,2024-11-02
4762,18,116,11017485.0,returned,2023-11-25
4763,38,147,34293805.0,shipped,2023-11-22
4764,21,480,15671983.0,pending,2023-11-25
4765,6,102,7679515.0,completed,2024-09-06
4766,5,494,39371285.0,cancelled,2023-03-14
4767,44,421,29131907.0,completed,2023-03-30
4768,8,215,8964694.0,completed,2023-01-14
4769,36,65,20449804.0,returned,2023-11-28
4770,37,276,28579934.0,completed,2024-05-27
4771,20,250,49736016.0,cancelled,2023-05-23
4772,31,204,8665306.0,completed,2023-06-16
4773,44,30,19293834.0,returned,2023-04-07
4774,45,165,30791546.0,cancelled,2024-07-22
4775,10,248,5294661.0,completed,2023-09-23
4776,23,167,12453283.0,pending,2024-12-08
4777,44,236,1961512.0,returned,2024-09-27
4778,23,443,3493907.0,completed,2024-04-30
4779,19,364,16675111.0,completed,2024-11-22
4780,5,383,17902198.0,cancelled,2023-07-18
4781,15,176,37907927.0,shipped,2024-12-16
4782,4,391,18319118.0,returned,2024-08-13
4783,47,138,30911749.0,cancelled,2023-09-23
4784,38,250,48753203.0,shipped,2024-10-29
4785,45,139,15830268.0,completed,2023-03-19
4786,35,7,12126831.0,pending,2024-01-22
4787,19,219,30940038.0,pending,2023-03-11
4788,23,373,24259864.0,shipped,2023-01-02
4789,13,329,3076437.0,completed,2024-05-08
4790,40,398,34497223.0,cancelled,2024-08-19
4791,30,228,25844783.0,cancelled,2023-02-22
4792,50,297,15309481.0,cancelled,2024-08-07
4793,50,128,29320175.0,shipped,2024-11-08
4794,5,20,12533909.0,returned,2024-08-25
4795,27,68,45817025.0,returned,2024-08-04
4796,42,94,11726763.0,completed,2024-03-20
4797,43,496,47843739.0,shipped,2024-09-17
4798,16,463,12435169.0,cancelled,2024-04-19
4799,32,282,45183869.0,cancelled,2023-04-20
4800,39,322,32585080.0,returned,2024-12-17
4801,15,274,48564947.0,completed,2023-07-27
4802,25,340,33206005.0,completed,2023-02-21
4803,42,74,18513656.0,completed,2023-03-12
4804,28,170,47535803.0,pending,2023-01-18
4805,18,193,38269538.0,cancelled,2024-05-23
4806,9,282,11446229.0,completed,2024-11-20
4807,49,313,27095947.0,cancelled,2024-05-25
4808,15,202,46155800.0,pending,2023-11-21
4809,21,340,22946947.0,returned,2024-04-12
4810,49,93,13221182.0,completed,2023-10-28
4811,14,215,29702849.0,shipped,2023-02-12
4812,1,113,3961769.0,shipped,2023-04-01
4813,37,93,19253483.0,pending,2024-05-27
4814,9,375,31010848.0,cancelled,2023-04-14
4815,29,298,13437966.0,shipped,2024-08-10
4816,38,158,31732674.0,cancelled,2023-11-08
4817,25,158,12376903.0,returned,2023-09-11
4818,3,179,3471703.0,shipped,2024-05-16
4819,17,432,38184263.0,cancelled,2023-08-27
4820,45,298,25944455.0,pending,2023-09-08
4821,29,498,47771459.0,pending,2023-03-30
4822,21,368,31154919.0,completed,2024-10-15
4823,15,91,35342942.0,cancelled,2023-06-16
4824,6,233,39408869.0,cancelled,2024-06-11
4825,40,42,27634839.0,shipped,2023-07-18
4826,30,94,47654502.0,pending,2024-12-18
4827,39,383,26118194.0,pending,2024-10-08
4828,11,466,4050999.0,completed,2023-07-24
4829,40,419,48750247.0,completed,2023-08-10
4830,42,118,25593443.0,completed,2024-02-10
4831,41,416,22501060.0,completed,2024-11-28
4832,3,41,13857467.0,returned,2024-04-17
4833,12,57,41526962.0,cancelled,2024-04-17
4834,40,52,13849337.0,cancelled,2023-07-21
4835,2,247,38333315.0,completed,2024-10-30
4836,29,417,40527337.0,shipped,2024-09-26
4837,25,323,38217498.0,pending,2023-02-03
4838,3,236,38019293.0,completed,2023-12-15
4839,30,168,15029840.0,pending,2023-11-06
4840,43,237,40091163.0,shipped,2023-11-06
4841,47,474,8281171.0,cancelled,2023-03-02
4842,28,139,13365783.0,completed,2024-11-08
4843,35,39,41533156.0,returned,2024-11-16
4844,10,72,2429037.0,shipped,2024-03-11
4845,19,372,33198911.0,cancelled,2024-08-10
4846,22,230,7402994.0,shipped,2023-02-19
4847,12,298,18381562.0,returned,2023-07-21
4848,19,475,19776218.0,shipped,2023-09-11
4849,36,178,35520605.0,shipped,2024-07-28
4850,12,97,7903677.0,pending,2023-02-22
4851,20,435,38608491.0,returned,2023-11-09
4852,26,156,36992060.0,pending,2023-07-16
4853,23,447,19697292.0,shipped,2024-04-21
4854,47,41,19532337.0,returned,2023-03-17
4855,16,48,29234272.0,pending,2023-12-24
4856,20,18,46240245.0,returned,2023-03-23
4857,19,119,19900321.0,shipped,2024-03-31
4858,29,462,41627744.0,cancelled,2023-05-20
4859,50,274,16676499.0,cancelled,2024-06-20
4860,6,438,16567049.0,cancelled,2023-08-18
4861,48,365,23881504.0,cancelled,2023-09-06
4862,8,22,18160253.0,pending,2024-05-26
4863,13,223,29692643.0,completed,2023-11-22
4864,43,478,11722395.0,cancelled,2023-02-07
4865,45,328,14117593.0,returned,2024-02-22
4866,44,406,37012867.0,completed,2024-10-27
4867,39,22,37545559.0,shipped,2024-11-25
4868,22,119,924175.0,returned,2023-11-16
4869,24,293,17021284.0,cancelled,2024-02-08
4870,22,122,8346415.0,completed,2024-09-18
4871,4,292,13602916.0,cancelled,2024-11-08
4872,6,286,756137.0,pending,2024-05-25
4873,6,416,32444868.0,completed,2024-06-12
4874,28,166,17682531.0,cancelled,2024-04-04
4875,5,276,37956853.0,cancelled,2023-07-24
4876,16,177,3008899.0,cancelled,2023-08-30
4877,48,159,1711190.0,cancelled,2024-09-05
4878,10,280,34180460.0,completed,2023-05-27
4879,25,295,48166461.0,completed,2023-11-07
4880,20,410,27469781.0,returned,2024-07-25
4881,12,27,24350135.0,returned,2023-11-11
4882,33,419,49238544.0,shipped,2023-05-26
4883,26,130,20846243.0,pending,2024-01-27
4884,36,245,17701905.0,cancelled,2024-04-12
4885,2,394,4967986.0,completed,2024-07-30
4886,27,306,2431597.0,cancelled,2023-07-21
4887,16,240,16948113.0,returned,2024-05-05
4888,37,432,22957590.0,shipped,2023-10-13
4889,37,462,48299485.0,pending,2024-10-23
4890,30,94,6242489.0,completed,2024-06-18
4891,17,297,35837174.0,cancelled,2023-02-05
4892,40,16,44216414.0,returned,2024-10-29
4893,32,453,19092356.0,pending,2024-08-31
4894,47,100,24524921.0,shipped,2024-01-01
4895,38,459,21105962.0,returned,2024-09-11
4896,33,314,43383770.0,completed,2024-05-22
4897,45,294,25004620.0,completed,2023-02-13
4898,20,89,22862806.0,pending,2023-04-29
4899,35,385,46280683.0,returned,2023-12-28
4900,45,229,12731367.0,completed,2023-11-03
4901,9,52,38968732.0,shipped,2023-03-02
4902,48,461,5480596.0,shipped,2024-03-31
4903,26,422,12150294.0,pending,2024-05-25
4904,20,358,21927960.0,pending,2024-09-16
4905,28,433,19748502.0,completed,2024-09-11
4906,11,215,18823692.0,shipped,2024-09-14
4907,20,194,16579682.0,completed,2023-07-07
4908,38,386,5280503.0,returned,2023-09-21
4909,8,494,33718316.0,pending,2023-11-30
4910,43,19,4853540.0,cancelled,2023-10-17
4911,37,484,1596553.0,cancelled,2023-07-02
4912,1,373,14242658.0,returned,2024-03-22
4913,1,351,41897691.0,shipped,2024-02-14
4914,21,116,3935811.0,completed,2023-09-19
4915,36,31,29668054.0,cancelled,2024-12-30
4916,9,37,12834185.0,shipped,2024-03-18
4917,43,367,32657474.0,returned,2023-04-01
4918,14,475,310433.0,pending,2023-12-12
4919,27,466,447297.0,shipped,2023-07-08
4920,36,248,44088506.0,shipped,2023-07-29
4921,39,447,35307835.0,shipped,2023-07-05
4922,27,449,48487760.0,cancelled,2024-09-29
4923,14,442,8759762.0,shipped,2023-01-06
4924,15,215,42934797.0,pending,2023-04-17
4925,18,41,16222800.0,cancelled,2023-07-19
4926,18,233,3993329.0,pending,2023-04-19
4927,22,414,20819769.0,pending,2023-06-01
4928,28,347,18559338.0,pending,2023-01-14
4929,11,67,34119289.0,shipped,2024-05-03
4930,32,162,1664703.0,completed,2024-10-17
4931,48,99,638023.0,returned,2024-10-09
4932,47,284,4312717.0,shipped,2023-02-12
4933,30,176,17359728.0,returned,2023-07-16
4934,8,456,34908390.0,completed,2024-08-08
4935,12,458,12591769.0,completed,2023-12-05
4936,12,377,16063225.0,completed,2023-05-13
4937,31,403,4889219.0,completed,2023-12-04
4938,21,178,12990401.0,pending,2024-11-11
4939,7,230,26424725.0,returned,2024-06-10
4940,30,466,4230971.0,shipped,2024-02-13
4941,43,221,17194697.0,cancelled,2024-02-05
4942,19,72,11065256.0,shipped,2024-03-08
4943,37,80,8531651.0,shipped,2024-05-22
4944,49,266,36937658.0,cancelled,2024-06-30
4945,16,117,45481899.0,returned,2023-04-30
4946,43,129,48406655.0,shipped,2023-10-31
4947,18,100,45376203.0,pending,2024-10-12
4948,6,429,10885846.0,returned,2024-10-25
4949,37,484,42831699.0,cancelled,2024-05-28
4950,36,203,5123931.0,returned,2024-12-17
4951,19,314,2463825.0,pending,2024-12-05
4952,10,212,48115158.0,shipped,2024-02-19
4953,24,249,45662476.0,cancelled,2024-09-11
4954,20,297,25096435.0,cancelled,2024-08-25
4955,26,86,28360869.0,completed,2024-03-10
4956,6,167,25836472.0,returned,2023-10-06
4957,8,15,14424588.0,completed,2024-11-20
4958,49,308,34597711.0,returned,2023-06-20
4959,31,423,10293432.0,cancelled,2023-09-22
4960,7,477,46309550.0,pending,2024-04-08
4961,27,89,2537160.0,completed,2023-11-28
4962,42,291,47404744.0,shipped,2024-05-23
4963,26,373,12571107.0,pending,2023-10-26
4964,17,285,37372869.0,pending,2024-08-10
4965,2,302,1377372.0,returned,2023-11-17
4966,31,467,1640892.0,completed,2023-04-09
4967,9,445,2084357.0,cancelled,2024-04-24
4968,14,44,4893910.0,completed,2024-05-25
4969,30,486,27462020.0,shipped,2023-09-14
4970,13,482,24187858.0,shipped,2023-03-12
4971,36,476,36244691.0,pending,2024-04-26
4972,5,245,29533114.0,returned,2023-06-05
4973,17,7,17185962.0,completed,2024-01-31
4974,34,8,19616680.0,pending,2024-04-09
4975,6,44,5279982.0,returned,2023-09-24
4976,9,310,35424648.0,returned,2024-09-25
4977,13,321,12250368.0,pending,2024-02-19
4978,35,332,18958262.0,shipped,2023-05-23
4979,48,149,1459346.0,pending,2024-01-13
4980,41,22,40908132.0,shipped,2024-01-05
4981,30,47,1177761.0,shipped,2023-09-19
4982,46,103,13010008.0,pending,2023-06-02
4983,3,16,4981207.0,cancelled,2023-07-01
4984,37,206,8692176.0,completed,2023-08-25
4985,32,32,8869700.0,pending,2024-04-15
4986,17,353,20936355.0,returned,2024-06-16
4987,4,107,4547461.0,returned,2023-01-06
4988,24,344,37485341.0,returned,2023-10-28
4989,43,326,30994561.0,shipped,2023-08-20
4990,16,448,46193380.0,cancelled,2023-03-17
4991,35,473,22890485.0,pending,2023-09-28
4992,39,160,26813966.0,completed,2024-03-08
4993,3,276,13209648.0,returned,2024-10-12
4994,9,433,22873697.0,completed,2023-08-25
4995,49,218,41845645.0,shipped,2024-06-21
4996,10,86,20337653.0,pending,2024-06-29
4997,12,75,29633990.0,returned,2024-07-04
4998,44,461,28380755.0,pending,2023-08-19
4999,32,115,34105437.0,returned,2023-11-09
5000,18,335,39650666.0,returned,2023-07-10
